title,company,location
Marketing Coordinator,Corcoran Sawyer Smith,"Princeton, NJ"
Mental Health Therapist/Counselor,,"Fort Collins, CO"
Assitant Restaurant Manager,The National Exemplar ,"Cincinnati, OH"
Senior Elder Law / Trusts and Estates Associate Attorney,"Abrams Fensterman, LLP","New Hyde Park, NY"
 Service Technician,,"Burlington, IA"
Economic Development and Planning Intern,Downtown Raleigh Alliance,"Raleigh, NC"
Producer,Raw Cereal,United States
Building Engineer,,"San Francisco, CA"
Respiratory Therapist,Children's Nebraska,"Omaha, NE"
Worship Leader,Bay West Church,"Palm Bay, FL"
Inside Customer Service Associate,"Glastender, Inc.","Saginaw, MI"
Project Architect,PGAV Destinations,"St Louis, MO"
Appalachian Highlands Women's Business Center,,"Kingsport, TN"
Structural Engineer,,"San Mateo, CA"
Senior Product Marketing Manager,Staffing Theory,United States
Osteogenic Loading Coach,OsteoStrong,"Anchorage, AK"
Administrative Coordinator,CLEVELAND KIDS BOOK BANK,"Cleveland, OH"
Customer Service / Reservationist,,"Providence, RI"
"Content Writer, Communications",United Methodists of Greater New Jersey,Greater Philadelphia
Controller,Shannon Waltchack,"Birmingham, AL"
Physician Assistant,Premier Family Clinic,"Atlanta, GA"
Licensed Acupuncturist,,"Maumee, OH"
Software Engineer,,Los Angeles Metropolitan Area
Sheet Metal Fabricator,,"Mineral Wells, TX"
Personal Injury Attorney,,"Stuart, FL"
NPE 2024 Exhibition Event Worker,PRM-TAIWAN,"Orlando, FL"
Software Engineer,GOYT,"Denver, CO"
Loan Coordinator,,"New Jersey, United States"
General Laborer,,"Erie, PA"
Swim Instructor,Harlingen Country Club,"Harlingen, TX"
Administrative Assistant,"REquipment Durable Medical Equipment and Assistive Technology Reuse Program, Inc.","Woburn, MA"
Service / Construction Technician,Pierce Refrigeration,"West Bridgewater, MA"
Legal Secretary,Fidelity National Title / Law Firm,"Phoenix, AZ"
Salesperson,ABME,United States
Registered Nurse,Atrium Centers,"Grayling, MI"
Marketing & Office Coordinator,Revesco Properties,"Denver, CO"
Software Support Specialist,Recruitment Design,"McLean, VA"
Coordinator for Multicultural Student Organizations,Washington State University,"Pullman, WA"
Barber,Headquarters Barbershop,"Grafton, WI"
Production Planner (Food Technologist),ADEPT HRM Solutions,"Concord, NC"
Embryologist,STL Fertility,"St Louis, MO"
Chief Operating Officer,Food Bank of Alaska,"Anchorage, AK"
Associate Attorney,Jung & Vassar PC Attorneys At Law A Law Corp,"Kailua-Kona, HI"
HVAC Technician,,"Brooklyn, NY"
External Mortgage Loan Officer,Orlando Credit Union,"Orlando, FL"
TREC licensed Professional Home Inspector,"Blackland Home Inspections, PLLC",Dallas-Fort Worth Metroplex
"Manager, Retail Pharmacy",,"Tucson, AZ"
Commercial Property Manager,,"Houston, TX"
SALES,,"Hackensack, NJ"
Transactional Attorney,Einbinder & Dunn LLP,"New York, NY"
Blog writer and virtual assistant,Kate Meadows Writing and Editing,"South Dakota, United States"
Marketing Specialist,Tracker,United States
Sales Associate Natural Food Products,POSHI,"Miami, FL"
Industrial Sales Representative,"TURNER HYDRAULICS, INC","Lancaster, PA"
National Sales Manager,,"Los Angeles, CA"
Reps manager,,"Macon, GA"
"Montessori Lead Guide, Primary",,"Austin, TX"
Director of Training,,"New York, NY"
Office Manager,Genlabs Corp,"Chino, CA"
Social Media Coordinator,,"New York, United States"
Equity Institutional Sales Position,A.G.P./Alliance Global Partners,New York City Metropolitan Area
Front Desk Administrator,NeuroJust ,"Metairie, LA"
Social Security Specialist / Retirement Benefit Advisor (Remote),The Medicare Coach,"Colorado, United States"
Board Certified Behavior Analyst,Kona Medical Consulting,"McDonough, GA"
Lead Installer,BWE Home Theater,"Fresno, CA"
Med-RN ER,The Job Network,"Murrieta, CA"
Workflow Coordinator Hospitality - Mon - Fri 8am-5pm,The Job Network,"San Antonio, TX"
Sales Representative,The Job Network,"Ogden, UT"
Dental Hygienist - choose your shift,The Job Network,"Huntington, NY"
FP&A Analyst,The Job Network,"Dallas, TX"
Entry Level Oracle Financial Technology Consultant,Revature,"East Chicago, IN"
Maintenance Mechanic,The Job Network,"Suffolk, VA"
Trade Review Principal,The Job Network,"Urbandale, IA"
Mover/Junk Hauler/Crew Member,The Job Network,"St Louis, MO"
Dental CAD/CAM Designer - $20-$30/hour,The Job Network,"Memphis, TN"
Production Planner,The Job Network,"Hanover, PA"
Customer Service Representative,Brady Insurance Group LLC,"Kokomo, IN"
Associate Planner,,"Waco, TX"
Full Stack Engineer,Ideando Inc,United States
Computer Scientist,navXcom,United States
Front end specialist,Diment & Associates,"Baton Rouge, LA"
Client Service Associate,iWealth,"Waseca, MN"
Sales and Design consultant,International Bath and Tile,"San Diego, CA"
Staff Accountant,"Grow West MD, LLC","Cumberland, MD"
Quality Assurance Manager,Galerie Candy and Gifts,"Hebron, KY"
"Validation Engineer, Labware LIMS","I.T. Solutions, Inc.","Foster City, CA"
Intern- Business Analytics,LT Apparel Group,Greensboro--Winston-Salem--High Point Area
Service Manager,,"Los Angeles, CA"
Robot Monitor & Maintenance Technician,ViaBot,"Sunnyvale, CA"
Director of Public Works,"City of Germantown, TN","Germantown, TN"
National Sales Manager,Rogue Ales & Spirits,United States
Fire Sprinkler Designer,"Thorpe Design, Inc.","Brentwood, CA"
"Assistant Director of Admission, Midwest Regional Representative",Butler University,"Minneapolis, MN"
Executive Assistant,Athos Private Wealth,"Holladay, UT"
Director of Operations,Eastern Indiana Works,"Muncie, IN"
Service Coordinator,Grunwald Mechanical Contractors & Engineers,"Omaha, NE"
Fundraising Associate,Dynamic SRG,New York City Metropolitan Area
Social Media Coordinator,Naked Wardrobe,"Los Angeles, CA"
Professional Window Cleaning Technician,"Executive Cleaning Services, Inc","Omaha, NE"
Marketing Coordinator,Lynx Systems,"Richardson, TX"
Construction Project Manager,"W.C. Construction Company, LLC",Raleigh-Durham-Chapel Hill Area
Administrative Assistant - CONCUR,ActOne Group,"New York, NY"
Seasonal Office Administrator,Aston Carter,"Dayton, OR"
Digital Marketing Intern,Lead Lab,"Redmond, WA"
Project Engineer,Armstrong Builders LLC,"Kailua-Kona, HI"
Architect/Project Manager,ASA Architects,"Las Cruces, NM"
Administrative Assistant,Cape Fear Commercial,"Wilmington, NC"
Histologist - HT,Avero Diagnostics,"Bellingham, WA"
Salesforce Vlocity Developer,SysMind,"Jersey City, NJ"
Customer Service Representative,ABC Farigua Division,"Greater Orlando, FL"
Events & Communications Assistant,San José Clinic,"Houston, TX"
Client Service Associate / Practice Manager,"Signature Estate & Investment Advisors, LLC","Redondo Beach, CA"
Architectural Designer,Florida Lifestyle Homes,"Fort Myers, FL"
Marketing & Communications – Content Writer Internship,Bellevue Downtown Association,"Bellevue, WA"
Heavy Equipment Operator,AB Underground,"La Salle, CO"
Recruitment Manager,,"Minnesota, United States"
Data Architect,Saxon AI,"San Francisco, CA"
SAP BTP,SLS Solutions,United States
Operations Specialist,Weyerhaeuser,"Castle Rock, WA"
Commercial Construction Project Managers/Superintendents,Eclipse Building Corp,"Land O' Lakes, FL"
CPA,barton CPA,"Palm Springs, CA"
HR & Administrative Assistant,KLA (Kim Lundgren Associates),United States
Contract Administrator,"Navajo Transitional Energy Company, LLC","Broomfield, CO"
Project Manager,McInnis Engineering,"Tacoma, WA"
Director of Communications and Digital Diplomacy,Consulate General of Israel to New England,"Boston, MA"
"Director, Investment Sales",Kenai Capital Advisors,"Littleton, CO"
Pharmacy Technician,,"Lake County, IL"
Sanitation Supervisor,White Bottle Inc.,"Stanton, CA"
Trial Attorney,"McDonnell & Associates, P.C.","King of Prussia, PA"
Anaplan Developer,Webologix Ltd/ INC,United States
Senior Account Manager,Garven Design Group,"Edina, MN"
Finishing Editor,Nebraska Public Media,"Lincoln, Nebraska Metropolitan Area"
Account Executive - Mid-Market,Crisp,"Chicago, IL"
Administrative Assistant Project Coordinator,,"Collierville, TN"
Technical Product and IT Manager for Data Center Dedicated Server Leasing,,United States
Motion Graphic Designer and Film Editor,Elica Electric Co,"New York, NY"
Social Media Manager and Graphic Designer,Century Trucks & Vans,"Grand Prairie, TX"
Licensed Mental Health Counselor/ Licensed Clinical Social Worker,Tree of Life Counseling Center,"Princeton, NJ"
Client Service Representative,Marquee Event Rentals,"Austin, TX"
Legal Assistant / Paralegal,"Testa Heck Testa & White, P.A.","Vineland, NJ"
Accounting Specialist,Health & Rehab Solutions,"Kalispell, MT"
Client Relationship Specialist,Ameriflex,United States
Account Manager,,"White Plains, NY"
Clinical Trainee / Pre-Liscneded Therapist,Fraser,Greater Minneapolis-St. Paul Area
Owner,Landscape Management Group,"Columbus, Ohio Metropolitan Area"
Tax Associate,Karuna Advisors,"Menlo Park, CA"
Senior Developer,USLI,Greater Philadelphia
Energy and Asset Coordinator,Moseley Architects,Raleigh-Durham-Chapel Hill Area
Photonics Layout Intern,Axalume,"San Diego, CA"
Summer Intern for Women International Company,Women choice,United States
Social Media Marketing Specialist Internship,"SEH Excavating, Inc.","Finksburg, MD"
Chief Executive Officer,ZM Jobs & Hiring Limited,United States
Leasing & Property Management Specialist (Part-Time with Growth Potential),Foley Development,"San Diego, CA"
Group Fitness Instructor,Burn Boot Camp,"Oklahoma City, OK"
Commercial Litigation Associate Attorney,LHH,"Jacksonville, FL"
Assistant Director,Kiddie Academies of Greater Seattle Careers,"Kirkland, WA"
Marketing Manager,CITY Boots,"Fort Worth, TX"
Associate Brand Manager,AVAVA,"Waltham, MA"
Customer Success Manager,Conduit Tech,United States
Grants Writer - Subcontract,Grant Writing Solutions,United States
Retail Salesperson,LaBella Intimates & Boutique,"Orlando, FL"
Administrator of College & Career Development,Education Success Foundation,"Rochester, NY"
Eastern Regional Sales Coordinator,SDi Fire,"Neptune, NJ"
Java architect / Lead Java developer,NLB Services,"Jersey City, NJ"
Field Operations Specialist,DIGS Vacation Rentals.com,"San Luis Obispo County, CA"
Enterprise Data & Analytics Infrastructure Manager,KeyBank,"Cleveland, OH"
Heating Air Conditioning Technician,"Flo-Rite Mechanical, LLC","San Antonio, TX"
Brand Representative,Polyram Plastic Industries Ltd,United States
Mental Health Therapist,Clarity Counseling Pittsburgh,"Aliquippa, PA"
Inbound Call Center Specialist,TECHEAD,"Richmond, VA"
Community Program Assistant,Miracles for Kids,"Irvine, CA"
User Experience Designer,Starup Insurance,"California, United States"
Corporate Controller,,"Flourtown, PA"
CT Technologist,Erlanger,"Chattanooga, TN"
Administrative Assistant Bookkeeper,Throttle Company Vintage Motorcycles,"Columbus, Ohio Metropolitan Area"
Swahili Instructor,Beat the Streets - Baltimore,"Baltimore, MD"
Elementary School Teacher,LANE PUBLIC SCHOOL,"Lane, OK"
Industrial Business Development Manager,Action Equipment and Scaffold Company,United States
Private Fitness Instructor,The Line Method,"Washington, DC"
Accounts Analyst,McNaughton Bros. Inc.,"Indiana, PA"
Sales and Application Engineer,Böning Ship Automation USA,"Louisiana, United States"
Senior Software Engineer,StyleAI,San Francisco Bay Area
Director of Sales,,"Tampa, FL"
Drone-Car Engineer,Lorenz Motors,"Trenton, NJ"
2L 2025 Summer Law Clerk,"Shute, Mihaly & Weinberger LLP","San Francisco, CA"
Marketing Manager,Balltime,United States
"Scientific Project Manager for Food, Beverage, and Consumer Packaged Goods Industries (Project Architect | PA)","PreScouter, Inc.",United States
Maintenance Manager,"MEC (Mayville Engineering Company, Inc.)","Fond du Lac, WI"
Primary Care Leader Needed,Health Alliance Solutions,"Fresno, CA"
Child Custody Recommending Counselor,"Superior Court of California, County of El Dorado","Placerville, CA"
Field Director,Mi Familia Vota,"Phoenix, AZ"
Sales Development Representative,HirelyAI,"Oregon, United States"
Ophthalmic Technician,Mountain View Eye Center,"Fairbanks, AK"
Commercial Auto Underwriter Assistant,,"Texas, United States"
Tool and Die Maker,Prolink,Cincinnati Metropolitan Area
Senior Mechanical Engineer,"Dexterity, Inc.","Redwood City, CA"
DDI Engineer,Xoriant,"Jersey City, NJ"
Mechanical Design Engineer,Mestek Machinery,"Cedar Rapids, IA"
Quality Engineer,Staff Management | SMX,"New Albany, IN"
🌟🚀🌊 Make Waves with Your Sales Skills! Earn $2500-$3500/Week! 🌊🚀🌟,Maranatha Consulting,United States
Associate Attorney,"Reed Leeper, P.C.","Marietta, GA"
Montessori teacher for grades K-3,Bennett Academy,Greater Phoenix Area
Medical Consultant,Veritas Physician Management,"Brooklyn, NY"
Skilled Painter for Fabrication Shop,"Endeco Fabrication, LLC","Brookhaven, MS"
URGENT!! Influencer Marketing Intern (100% WFH),Acadium,United States
Blender Animator (Contract),Groove Jones,"Dallas, TX"
Yoga Teacher,,"Queens, NY"
Experienced Growth Consultants with OD/OCM experience,AirTight Management,United States
Project Assistant,SICIS,"Bronx, NY"
Director of Finance,Society of St. Vincent de Paul Detroit,"Detroit, MI"
Car Salesperson,Smith Imports LLC,"Memphis, TN"
Executive Personal Assistant,,"Miami, FL"
MEP Engineer,Citrine LLC,"Lakewood, CO"
School Counselor,Bishop Ludden Junior-Senior High School,"Syracuse, NY"
Client Success Manager (Locums Tenens),Cynet Locums,Washington DC-Baltimore Area
Receptionist,"Abgin Law, PC","Beverly Hills, CA"
Accounts Payable Specialist,Soyventis North America LLC,"Morristown, NJ"
Crew Member,,"Mesa, AZ"
Senior Electronics Design Engineer,Excelon Solutions,"East Aurora, NY"
Level 1 Designer,Insight Apparel,"Woodstock, GA"
Special Event Manager,Experience Columbia SC,"Columbia, South Carolina Metropolitan Area"
Quality Assurance Specialist,Ascendion,"Seattle, WA"
Attending Physician,Universal Health Corporation,"Warsaw, VA"
Pediatric Occupational Therapy,Saylor Physical Therapy,"Aiken, SC"
Sales Director - Part-Time - Remote,Despard Analytics,"Atlanta, GA"
Request for Consultancy: Interim Managing Director,Q Center,"Portland, OR"
Board Member,Ripple Effect Artists ,United States
Team Lead,ASICS Corporation,Louisville Metropolitan Area
Senior Retail Sales Associate,Ruff House Print Shop,"Lawrence, KS"
Interior Designer,DSGN Associates,"Dallas, TX"
FIELD SALES REPRESENTATIVE - North Carolina,Willie's Superbrew,"North Carolina, United States"
Admin/HR/Customer Support,"A&B Machine and Design, Inc.","Sidney, OH"
Fitness Sales General Manager,BODY20,"Decatur, GA"
Mechanical Engineer,JVM Global Inc,"Boston, MA"
Web Developer,"KTA Advising Group, LLC",Washington DC-Baltimore Area
Bird Control Account Manager and Supervisor,Bell Environmental,New York City Metropolitan Area
Litigation Paralegal,"KAZAN, MCCLAIN, SATTERLEY, & GREENWOOD","Oakland, CA"
Software Implementation Program Manager,Akshaya Inc,"Cupertino, CA"
Office Manager,Internal Fire Pilates,"Mill Valley, CA"
Vice President - Engineering & Production Operation,Louisville Water Company,"Louisville, KY"
Medical Assistant,Burnett Plastic Surgery,"Westfield, NJ"
"Managed File Transfer Specialist (connect direct , NDM) | REMOTE ROLE","Sunray Enterprise, Inc.",United States
Inbound Sales & Onboarding Specialist,Honey Homes,United States
Senior Project Engineer,Practical Design Partners,"Atlanta, GA"
"Technical Designer, Womans Denim Bottoms ",Premier Brands Group Holdings,New York City Metropolitan Area
Admininistrative Assistant Intern,Sharper Office Admin ,New York City Metropolitan Area
Manager,,"Brooklyn, NY"
Associate Attorney,,"San Diego, CA"
Clinical Pharmacist,IV League,"Culver City, CA"
Director Origination,Holding Company,United States
Sales & Design Consultant,Kings Of Neon,"Nevada, United States"
Cybersecurity Test Engineer – Remote,"Decision Point Security, Inc.","Florida, United States"
Director of Compliance,Coinflow Labs,"Chicago, IL"
Histology Supervisor,Accu Reference Medical Lab,"Linden, NJ"
Editor,Connect Savannah,"Savannah, GA"
Digital Marketing Manager,Visit Anchorage,"Anchorage, AK"
Human Resources Manager,GlobeX Leisure and Travel,"Sevierville, TN"
Litigation Support Specialist,"Harris, Finley & Bogle, P.C.","Fort Worth, TX"
Healthcare Recruiter,,"Flower Mound, TX"
Mortgage Loan Officer,Liberty Home Mortgage Corporation,"Independence, OH"
Founding Front-End Engineer (Web),Wanderboat AI,San Francisco Bay Area
Design Engineer (Stellantis Background),Diversified Technologies International,"Roseville, MI"
Heavy Equipment Mechanic,"Sargents Equipment & Repair Service, Inc.","Pardeeville, WI"
Shop Supervisor,Cimolai-HY LLC,"Olean, NY"
Senior Communications and Development Manager,Project VOYCE,Denver Metropolitan Area
Sales Consultant (Outside Sales),National Signs,"Houston, TX"
Principal Backend Engineer,HireBus,United States
Sales and Marketing Assistant (Graduate),Pier,"Los Angeles, CA"
Loyalty Content Writer & Operations Manager,Loyalty360,"Cincinnati, OH"
2 Way Radio Installer,"Arcticom LLC, a BSNC Company","Anchorage, AK"
tester,GSOBA,"Los Angeles, CA"
Co-Founder,Got10IN,"Berkeley, CA"
Director of Technical Operations,Long Grove Pharmaceuticals,"Rosemont, IL"
Wafer Process Engineer - Laser diode Chip Fabrication,SemiNex Corporation,"Danvers, MA"
Associate Attorney - Commercial Litigation,"Finazzo, Cossolini, O’Leary, Meola & Hager, LLC","Morristown, NJ"
Program Manager,"Cira Tek, Inc","Portland, OR"
Nurse Injector,MD Esthetics Brand,"Norfolk, VA"
Primary Care Nurse Practitioner / Physician Assistant,,"Aitkin, MN"
Fractional CFO,Seafarer Consulting,United States
Administrative Assistant,AVANCE CONSULTING,"Bellevue, WA"
Distributor Sales Specialist,"Merakris Therapeutics, Inc.",United States
Outside Salesperson,The Viscusi Group,New York City Metropolitan Area
House Coordinator,The Bird House - Hospice Home of Johnson County,"Iowa City, IA"
Sr Data Engineer with Kafka,ZenithMinds Inc,"Austin, TX"
Unpaid Internship: Development Team,Bright Sparks,United States
Swiss Setup Operator,"P&F Machining, Inc.","Otsego, MN"
Chairperson,World Spirit of the Game Foundation (SotG Global),United States
Manager of Human Resources,The Morgan Library & Museum,"New York, NY"
Project Manager,"Blois Construction, Inc.","Oxnard, CA"
People Manager or Workplace Counselor,1080 Learning Center,"Denver, CO"
Electrician Mechanic,Horizon America Staffing,"Irving, TX"
2+ years Attorney,"Allcock & Marcus, LLC","Braintree, MA"
Social Media Manager,"Betsy Bash, LLC",United States
"Electronics Technician: Production, Service and Testing","Bridge Analyzers, Inc.","Bedford Heights, OH"
Accounts Payable Specialist,iTECH,"San Diego, CA"
Real Estate Agent,"Keller Williams Realty, Inc.",United States
Care Coordinator,Somnea Health,United States
Marketing Coordinator,Riverbend Sandler Pools,"Southlake, TX"
Staff Accountant,MAVAL Industries LLC,"Twinsburg, OH"
Founding High School Science Teacher,Bedford Stuyvesant New Beginnings Charter School,"Brooklyn, NY"
Field Sales Representative,PETCHEFY,"Miami, FL"
Help Desk Analyst,HAPPI Health,Huntsville-Decatur-Albertville Area
Research Technician,UAMS - University of Arkansas for Medical Sciences,"Little Rock, AR"
Youth Coach,Angel Reach,"Conroe, TX"
Freelance,Multiple Network Solutions,United States
Clinical Manager - RN,Varco Home Health & Hospice,"Houston, TX"
Associate Attorney,"Amogha Group, INC ","Garden City, NY"
Nurse Practitioner,Arms Acres,"Carmel, NY"
Records Specialist & Academic Scheduler,Miami Country Day School,"Miami, FL"
Community Association Manager- Portfolio,CAMS (Community Association Management Services),"Morehead City, NC"
Wellness Associate,beem Light Sauna,"Malvern, PA"
Accountant,St. James Parish Hospital,"Lutcher, LA"
Technician,Nebraska Hoist & Crane,"Omaha, NE"
Digital Marketing Intern,Red Krypton,United States
Veterinary Technician Manager,COLORADO VETERINARY SPECIALTY GROUP,"Littleton, CO"
Resolution Analyst,SalesPage Technologies,"Kalamazoo, MI"
Commercial Loan Officer,Commercial Partners of Texas,"Texas, United States"
Product Support Specialist,Ascend,San Francisco Bay Area
Creative Development Intern,EverWonder Studio,"Manhattan, NY"
THEATRE Instructor for Speech Communication & Theatre Department,Greenville Technical College,"Greenville, SC"
Booking Producer,,United States
Family Physician,POOLESVILLE FAMILY PRACTICE,"Poolesville, MD"
Registered Nurse RN - Medical ICU MICU - PT Nights,Northeast Georgia Health System,"Gainesville, GA"
Assistant Buyer / Receiving,Thompson-Brothers-Supply,"Coffeyville, KS"
Mechanical Design Engineering Manager,,"Iowa, United States"
Technical Business Analyst,CapAcuity,"Albany, NY"
Commercial Appraiser Manager,,"Palatka, FL"
Senior Linux/RedHat Engineer,Vtechys,United States
Salesperson,Terra Forza Golf,United States
Content Manager (INTERNSHIP),HeyHire,"Austin, Texas Metropolitan Area"
Upper School Mathematics Teacher,"Randolph School, Huntsville","Huntsville, AL"
Project Estimator,Thompson Kane Concrete,"Madison, WI"
Psychotherapist in Private Practice,,"New York, NY"
Artificial Intelligence Engineer Intern - Chatbot,OTB English,United States
Science Teacher,The Roxbury Latin School,"Boston, MA"
"Staff Engineer (Geotechnical, Geological or Mining)",Call & Nicholas,"Tucson, AZ"
Physical Therapist Tech,Atala Physical Therapy,"Carlsbad, CA"
Speech Language Pathologist,,"Florida, United States"
Real Estate Sales Agent,The Moorhead Team,"Austin, Texas Metropolitan Area"
Associate Director of Individual Giving,Bend the Arc: A Jewish Partnership for Justice,United States
Building Maintenance Manager,Cold Storage Recruiting,"Elizabeth, NJ"
Veterinarian,,"Farmington, MN"
Armed Security Guard,,"Bel Air, MD"
Senior Account Executive,Marsh McLennan Agency,"Dallas, TX"
Bench Store Manager,DICK'S Sporting Goods,"Portland, OR"
Customer Service Specialist,SOLA Pharmaceuticals,"Baton Rouge, LA"
Financial Advisor,Shah Financial,"Red Bank, NJ"
Creative and Social Intern,IHC Agency ,"Miami, FL"
Receptionist/Data Entry,PB Built,"Jupiter, FL"
Sales Business Development Executive,Dimerco Express Group,"El Segundo, CA"
Social Media Marketing Intern,Peariwinkle,United States
Brand Ambassador/Local Market Expert,Brains & Motion Education,United States
Project Manager,"XACT WAREHOUSE SOLUTIONS, LLC","Austin, Texas Metropolitan Area"
Entry-Level Ecologist,"Lawhon & Associates, Inc.","Columbus, Ohio Metropolitan Area"
Engineers / Marketing / Various,GlobalStake,United States
backend Java developer,TekisHub Consulting Services ,"Austin, TX"
Personal Assistant to Controller,,"Detroit, MI"
"Field Office ISSM - Open Rank-RS-Albuquerque, NM",Georgia Tech Research Institute,"Albuquerque, NM"
"Field Office ISSM - Open Rank-RS-Albuquerque, NM",Georgia Tech Research Institute,"Albuquerque, NM"
Logistics Specialist,Agrex Inc.,"Plymouth, MN"
Cloud Platform/ Big Data Engineer,"Subaru Research and Development, Inc","Michigan, United States"
Assistant Landscape Architect,Gamble Design Collaborative,"Franklin, TN"
VP Ecommerce,Sunsoil,United States
Senior Staffing Specialist,Duke Manufacturing Co.,"Sedalia, MO"
Sales And Marketing Specialist,,United States
Program Associate,Southeastern Wind Coalition,"Louisiana, United States"
Data Science Software Engineer,Sovrinti,United States
Data Engineer/ETL,SilverSpace Technologies Inc,"Hartford, CT"
Project Manager,PAP Consulting Services,"Metro Detroit, MI"
Hiring a Contract Lawyer with Probate Experience,"Sudden Wealth Protection Law, PLC","Phoenix, AZ"
Email Copywriter,Kessel Media Group,United States
Claim Manager,Euclid File Solutions LLC,United States
Mobile Application Developer,"Subaru Research and Development, Inc","Michigan, United States"
Flight Software Engineer,Insight Global,"Webster, TX"
Financial Services Representative,"Five Rings Financial, LLC",United States
BI Reporting Lead,Diverse Lynx,"Stamford, CT"
Journeyman Electrician,CMD Electric,San Diego Metropolitan Area
Investor Relations Associate,MZ North America,United States
Literature Review Panel Member,Celestial Point Incorporated,United States
Commercial Real Estate Broker,Besen Partners,"New York, NY"
Group Fitness Instructor,DonQ fitness,Greater Tampa Bay Area
Electrical Hardware Engineer,"Parraid, LLC","Hollywood, MD"
Marketing Intern,Project Hope Alliance,"Costa Mesa, CA"
Superintendent (High-End Tenant Interiors),Red Tail Group,"Los Angeles, CA"
Videographer Intern,Cage Riot,"Los Angeles, CA"
Contract Licensed Clinical or Counseling Psychologist,INSPIRE Psychological Wellness,United States
Marketing and Events Manager,Medical Device Innovation Consortium (MDIC),"Arlington, VA"
"Senior Director, Clinical Pharmacology & Quantitative Pharmacology (CPQP)- ADC",AstraZeneca,"Gaithersburg, MD"
Social Media Account Coordinator,Prim + Co,"Denver, CO"
Data Analyst,Tenazx Inc,"Queens, NY"
Quantitative Researcher - Semi-Systematic Credit,Azure Sky Management Consulting,United States
Dispensary Owner,,United States
MultiMedia Art Director,Able&Co.,"Raleigh, NC"
Business Development Representative,Mailprotector ,"Greenville, SC"
Generalist - Third-Party Logistics,ShipNova,"Argyle, TX"
Event Coordinator,"Refuge of Hope Ministries, Canton","Canton, OH"
Legal Assistant Paralegal,Law Office of Chen & Associates Inc. 恒莹律师事务所 ,"Philadelphia, PA"
Purchasing Coordinator,Massive Action Marketing,"Vancouver, WA"
Search Engine Optimization Specialist,SEOGidi,United States
Staff Software Engineer (AHT),Northrop Grumman,"Los Angeles, California, United States"
Accounting Manager,Sandstone Medical Solutions ,"Las Vegas, NV"
Investment Real Estate Sales Advisor,Diamond Acquisitions,"Dallas, TX"
Marina Director,Key Biscayne Yacht Club,"Key Biscayne, FL"
Deputy City Manager - Chief Financial Officer,City of Tempe,"Tempe, AZ"
Project Engineer,Wright Contracting,"Santa Rosa, CA"
Saxophone Repair Technician,Sax Alley,"Windsor, CO"
Neighborhood Building Housing Leader,Matthew 25 Cedar Rapids,"Cedar Rapids, IA"
Freight Broker,Thomas & Sons Distributor,"Springfield, OR"
SAFe Program Consultant (SPC),"Agilonomics, LLC",United States
Full Stack Engineer,HQ,"Ogden, UT"
Branch Manager,Service Minds,"Orlando, FL"
Head of Accounting,Farmer Focus,"Harrisonburg, VA"
Construction Project Manager,TechIntelli Solutions,"McKinney, TX"
Client Solutions Manager - South Bay,Ideal Restoration Inc,"San Jose, CA"
Volunteer Child Care,Night Lights,"Arvada, CO"
Writing/Reading Tutor,Sylvan Learning,"Chaska, MN"
Sales Associate,The Epicure,United States
"FL Bar Associate Attorney Tax, Trusts, and Estates",,"Sunrise, FL"
Service Specialist,,"Scarsdale, NY"
Estimator - Commercial Construction,Beam General Contractors,"Raleigh, NC"
Traffic Coordinator/Scheduler,"Green Lines Transportation, Inc. ","Canton, OH"
Account Coordinator,Belfort Group,"Boston, MA"
Registered Dental Hygienist,Skyline Smiles,"Chicago, IL"
Police Officer,Town of Apex,"Apex, NC"
Product Designer,Under Canvas Inc.,"Belgrade, MT"
Labor And Employment Attorney,Talent Direct Innovations,"Palo Alto, CA"
Entry Level Financial Professional,Global Financial Impact (GFI),"Austin, Texas Metropolitan Area"
Financial Planning Specialist,,United States
Lead Dotnet Developer,000,"Atlanta, GA"
Software Engineer,TRG,"Westlake, OH"
Clinical Program Supervisor,Children's Bureau of Southern California,"Palmdale, CA"
Sr. Electrical Engineer,"LanceSoft, Inc.","Richmond, KY"
Social Media Manager/Specialist,SanLuna LLC,"Phoenix, AZ"
Associate Veterinarian,The Animal Doctors,"Palo Alto, CA"
VP of Engineering,RELISH,United States
Real Estate Broker Associate,,"Colorado, United States"
Financial Reporting Senior Specialist,Delaware Valley Regional Planning Commission,"Philadelphia, PA"
Field Service Technician (Residential ESS),Mango Power,United States
Electrical Engineering Intern,Fliteway Technologies,"Cudahy, WI"
Sales Specialist,NorthWest Navigator Luxury Coaches,"Portland, Oregon Metropolitan Area"
Medical Device Sales Specialist Intern,Alliant Biotech,"Grand Rapids, MI"
Associate Attorney,DIEPENBROCK & COTTER LLP,"Sacramento, CA"
Senior Labor & Employment Attorney ,Stealth,"White Plains, NY"
Pool Design and Sales Representative,Magnolia Patio and Pool,"Spring, TX"
Upper/Middle School Spanish and French Teacher Episcopal School of Acadiana,Episcopal School of Acadiana,"Broussard, LA"
Sales Executive,Riteload,United States
Bilingual Counselor Advocate (Spanish-English),NELCWIT (New England Learning Center for Women In Transition),"Greenfield, MA"
Service Manager,Making Air Right,"Germantown, MD"
Resource Development Associate Director,Homeward Bound of WNC,Greater Asheville
Entry Level Esthetician,,"Atlanta, GA"
🚀 Join Our Team as a Senior iOS Developer at ABHI IT SYSTEMS INC 🌐 🚀,ABHI IT SYSTEMS INC,"Dallas, TX"
Marketing Coordinator / Graphics Specialist,Marshall Craft Associates,"Baltimore, MD"
Technical Designer,Scenario,"Los Angeles, CA"
Decedent Affairs Coordinator,Emory Healthcare,"Atlanta, GA"
Property Manager,"Cornerstone Property Management, CREG Inc.","San Jose, CA"
Operations Manager,Food Bank of Central & Eastern NC,"New Bern, NC"
Program Training Lead,Kellton,"Boston, MA"
Mentorship Case Manager,Gold Star Gamers,"El Paso, TX"
Mid-Level Project Electrical Engineer / Lighting Designer,Reese Hackman,"Pennsylvania, United States"
Controls Engineer,PennPak Solutions,"Bethlehem, PA"
Head of Sales,vMOX,United States
Physical Therapist Assistant,Origami Rehabilitation,"Mason, MI"
Full Stack Engineer,,"Pleasanton, CA"
"Design Consultant, Nashville, TN",François & Co.,"Atlanta, GA"
Senior Accountant - Non Profit,Brentwood Consulting Group,"New York, NY"
Mid-Market Account Executive,Chargezoom,"Salt Lake City, UT"
Music Therapist,Mewsic Moves,Los Angeles Metropolitan Area
Associate Marketing Manager,Cagent Vascular,"Wayne, PA"
Pilot in Command Phenom 300,Leviate Air Group,"Teterboro, NJ"
"Wholesale Sales Director, Luxury Fashion Accessories Company",,"New York, NY"
Account Executive,New Wave Recruiting,"Strongsville, OH"
CNC MACHINSITS NEEDED,,"Rio Rancho, NM"
Vice President Operations,,"Waxahachie, TX"
SAP EWM Consultant,"United Business Solutions, Inc.","Foster City, CA"
Print Traffic,Brooklyn Film Festival,"Brooklyn, NY"
Journeyman Electrician,FST Search,"Sparrows Point, MD"
Senior Landman,Tracts,United States
Senior Salesforce Developer,"Tanisha Systems, Inc","New York, NY"
Revenue Cycle Specialist,Orthopaedic Specialists of North Carolina,"North Carolina, United States"
Instructional Coach - Elementary,Truth Academy Dallas,"Dallas, TX"
Manager - Accounts and Publishers,AdQuick,"New York, United States"
Chief Development Officer,"Halifax Humane Society, Inc.","Daytona Beach, FL"
Senior Cost Accountant,Oggi Talent,Greater Minneapolis-St. Paul Area
Senior Data Engineer/Analyst - Full Time,,"California, United States"
Registered Client Service Associate,Morgan Stanley,"New York, NY"
Warehouse Associate,RAW Equipment Building Materials Corp,"Queens, NY"
Frontend Engineer,Prepto,"Santa Clara, CA"
Dentist,Erie Family Health Centers,"Waukegan, IL"
Staff Accountant,McInnis Inc.,"Milford, CT"
Human Resources Information System Specialist,Talentooze,United States
Oracle P2P Analyst,Global Opine Staffing,"Tampa, FL"
PeopleSoft FSCM Functional Analyst - GL and KK modules,MNK Infotech,"Houston, TX"
ABA Therapist/Special Education Paraprofessional - Various locations!,The Uncommon Thread,"Stirling, NJ"
Internet Entrepeneur,,United States
Electrical Engineer,Mestek Machinery,"Cedar Rapids, IA"
Sales Engineer,Swagelok Pittsburgh | Tri-State Area,Greater Pittsburgh Region
Account Executive,"Star Logistics, Inc","Omaha, NE"
Real Estate Rental Manager,Guardians of Unity Initiative,"Springfield, Illinois Metropolitan Area"
Junior Business Analyst,Benda Infotech,"Chicago, IL"
Cloud / .NET Developer,Redifcard Technologies LLC,"Bloomington, MN"
Associate - Job #1868,Pinnacle Group,"Chicago, IL"
Stewardship Program Coordinator,Forest Preserves of Cook County,"Chicago, IL"
General Manager,HOTWORX,"Stafford, VA"
Construction Project Manager,Stewart's Shops Corp,"Ballston Spa, NY"
Cleaner,Action Cleaning Service,"Savannah, GA"
Account Manager,"Performance Metrics, LLC","Los Angeles, CA"
Insurance Agent,"Hubler Financial Services, LLC","Indianapolis, IN"
Administrative Assistant/Receptionist,Ragland & Associates LLC,"Richmond, VA"
Construction Project Manager,Vibrant Humans HR Consulting,"Renton, WA"
Service Technician,Harrison Ford-Clear Lake,"Clear Lake, IA"
Registered Behavior Technician ,,"Fowlerville, MI"
Executive Assistant,Ford's Theatre Society,Washington DC-Baltimore Area
Progressive Care Nurse,Plaxonic,"Fort Myers, FL"
Campaigns Director,Asian Americans Advancing Justice | Chicago,"Chicago, IL"
Line Cook - Mercantile Dining & Provision - DEN Airport,Tastes on the Fly,"Denver, CO"
Data Processor,MDI Imaging & Mail,"Cascades, VA"
UX/Content Strategist,Cyberwoven,"Columbia, South Carolina Metropolitan Area"
Claims Technician,Health Care Service Corporation,"Abilene, TX"
Senior Business Application Developer,University of Maryland Baltimore County,"Catonsville, MD"
Collections Operator in Training,HKA Enterprises,"DeFuniak Springs, FL"
Senior Machine Learning Research Engineer,Symbolica AI,San Francisco Bay Area
Operations Manager,Medi-Weightloss®,"Livingston, NJ"
Senior SAP SD OTC Lead,Radinnova,"Irvine, CA"
Physical Therapist,SilverSpace Technologies Inc,"Lewiston, ID"
Inside Sales Representative Custom Soccer Apparel,Podiumwear Custom Sports Apparel,"St Paul, MN"
Pre-Finish Supervisor,"PACIFIC ARCHITECTURAL WOOD PRODUCTS, LLC","Canby, OR"
Healthcare Call Center,Aston Carter,"Cary, NC"
Audiovisual Field Engineer,Crown Point Systems,Washington DC-Baltimore Area
Senior Transportation Planner,Yolo Transportation District,"Woodland, CA"
Restaurant Manager,The Napoli Group,"Clayton, MO"
IT Support Specialist,TechTonic Solutions Hawaii,"Honolulu, HI"
Design Center Coordinator,"Houston Homes, LLC","O'Fallon, MO"
Landscape Construction Business Developer,GRÄS Lawn ,"Lakewood, NJ"
Social Media Coordinator(Monitor and Engage)-Part Time,,"Florida, United States"
3D Scanning Specialist Account Manager,Rapid Scan 3D,"Lakewood, CA"
Freight Agent / Broker,Tallgrass Freight Company,United States
Licensed Loan Partner,"CrossCountry Mortgage, LLC","Ellicott City, MD"
"Quality process analyst | Hybrid in West Berlin, NJ","Spruce InfoTech, Inc","West Berlin, NJ"
Business Development Account Manager,"Miracle Software Systems, Inc","Novi, MI"
Professional Singer,,"Boston, MA"
Accounting Manager,NTCA–The Rural Broadband Association,"Arlington, VA"
Accounting Supervisor,LinkW Technology Logistics Inc,"Fontana, CA"
Commercial Real Estate Attorney,Unity Source Group,"Miami, FL"
Associate,VICTOR RANE,"New York, NY"
Head of Product,Bad Birdie,"Scottsdale, AZ"
"Clinical Manager - Med Surg, Surgical Oncology",Piedmont,"Macon, GA"
Education Coordinator,National Park Trust,"Rockville, MD"
Dotnet Developer,"Binary Tech Consulting Corp.,","Naperville, IL"
Customer Service Agent,Ad,"Dayton, OH"
Learning And Development Specialist,New Hope Treatment Centers Inc,"Rock Hill, SC"
Sales Manager of Cutting Tools,ZCC USA INC,"Cincinnati, OH"
Fleet Operations Specialist,,"Bremerton, WA"
Sr. Designer Healthcar & AP,Be. Workplace Design,"Concord, CA"
Bilingual Front Desk Receptionist,Brazilian Lumber,"Miami, FL"
Licensed Financial Professional,Experior Financial Group,United States
Vice President of Sales,9Yards Technology,"San Francisco, CA"
Engineering And Maintenance Manager,Carlisle Construction Materials,"Carlisle, PA"
Sales Account Executive,truxio,"Memphis, TN"
Java full Stack Engineer,NInfo Systems INC,"Phoenix, AZ"
Full stack Azure .Net,SRS Consulting Inc,"Waukegan, IL"
Researcher,University of Tehran,"San Diego, CA"
Customer Service Representative,DECCA LLC,United States
DevOps Engineer,LionOrbit Tech Solutions LLC,"Vienna, VA"
Talent Acquisition,Stealth,"California, United States"
Account Executive,REV77,"Tempe, AZ"
Tax Preparer,TriTech Software & Services,"Allen, TX"
Part-Time Medical Assistant/LPN,Peak Interactive Wellness,"Colorado, United States"
Major Gift Officer,Netzel Grigsby Associates,Los Angeles Metropolitan Area
Strategy Manager,Aston Carter,"Torrance, CA"
Treatment Coordinator,,"Highland Park, IL"
Automotive Technician,Bmocbiz Inc. a Midas franchisee,"Indianapolis, IN"
"Technical Business Analyst Local to Des Moines, Iowa",HERMEZ-IT,"Des Moines, IA"
Program Manager,,"Nampa, ID"
Support Manager - East Coast,ACS Cloud Partners,United States
Donor Engagement Coordinator,Child Saving Institute,"Omaha, NE"
AS400 Developer,Stanley David and Associates,"Pittsburgh, PA"
IAM Security Specialist,SoftNice,"Nyack, NY"
Marketing & Events Intern,,"Nashville, TN"
Human Resources Generalist,Seaga,"Freeport, IL"
Associate Immigration Attorney,Global Law Advocates PLLC,"Seattle, WA"
Part Time Driver (Manheim),Cox Automotive Inc.,"Shakopee, MN"
People and Office Operations,Crew Capital,New York City Metropolitan Area
Business Development Manager,Kastech Software Solutions Group,"Austin, Texas Metropolitan Area"
Revenue Cycle and Reimbursement Director,Ashe Memorial Hospital,"Jefferson, NC"
Front Office Specialist,The Doctors of Physical Therapy,"Scottsdale, AZ"
Member Services Manager,Houston Apartment Association,"Houston, TX"
Product Manager,Swipeclock,"South Jordan, UT"
Client Relationship Manager,,"Puyallup, WA"
Technical Writer,"ExcelGens, Inc.","Chicago, IL"
Financial Professional,The World Changers,United States
Construction Superintendent,Syblon Reid,"Lewiston, ID"
Administrative Assistant Intern,Rina Yoga,"Los Angeles, CA"
Senior Mortgage Loan Officer,,United States
Construction Estimator,Unidor Consulting,"Washington, DC"
Learning Experience Designer/Developer II,,"Brea, CA"
DIRECTOR OF MARKETING,Big Brothers Big Sisters of Broward,"Fort Lauderdale, FL"
AOC Human Resources Project Manager,New Mexico Courts,"Santa Fe, NM"
Maintenance Technician - Night Shift,"MCP USA, Inc.","Portage, IN"
Territory Sales Manager,GNGR Labs,New York City Metropolitan Area
Business Office Manager,CareOne,"Lexington, MA"
Webmethods Developer,Siri InfoSolutions Inc,"Cleveland, OH"
Exercise Physiologist,"Houston Cancer Institute, PA","Houston, TX"
AWS Cloud Architect (W2 Only),iPivot,"New York, NY"
Software Engineer in Test Automation,Qentelli,"Dallas, TX"
Project Manager,CONTRI CONSTRUCTION COMPANY,"Las Vegas, NV"
Technical Planner,Conquer Employment,"Terrell, TX"
Lactation Consultant,,"Columbia, MO"
Junior Engineer - [Full Remote],Joinrs US,United States
Sustaining Engineer,Downing ,"Oklahoma City, OK"
Manufacturing and Test Engineer,Halifax Fan Group,"Syracuse, NY"
Master Planner,Inno-Pak,"Delaware, OH"
Senior Accountant,Synergy Consultants & CPAs,"Virginia, United States"
Licensed Healthcare Insurance Agent - Work from Home,Everise,United States
MSP Engineer Level 3,Peak Solutions,"Newport Beach, CA"
General Manager,Chick-fil-A Restaurants,"Dallas–Fort Worth metroplex, TX"
Senior Materials Manager,Whitaker Technical,Little Rock Metropolitan Area
Meat Manager,Little Giant Farmer's Market,"Decatur, GA"
Financial Advisor,Northwestern Mutual,"Charleston County, SC"
Media Sales Executive,Best Version Media,"Robbinsville, NJ"
"SPS-02 Shipping (Non-Fork Lift) - Glendale, AZ",Steelcase,"Glendale, AZ"
Remote Business Development Associate,Ryan RPO (Recruitment Process Outsourcing),"Florida, United States"
"Public Relations Intern, Summer 2024",Christian Cowan,New York City Metropolitan Area
Account Executive,One Step Software,"New York, NY"
Azure Tech Lead,Webologix Ltd/ INC,United States
Life Coach - Birmingham Campus,Hope Inspired Ministries (HIM),"Birmingham, AL"
"100% commission Marketers for TV Doc ""The 40 Parables""",Worldwide Publishers LLC USA,United States
Registered Dental Hygienist,,"Marlborough, MA"
Senior Windows System Administrator,MicroAgility,"Jersey City, NJ"
Medical Doctor,,"California, United States"
Marketing Manager,THE WELL,New York City Metropolitan Area
Assistant Manager,,United States
Automation Specialist,Web3 Recruit,United States
Medical Laboratory Technician,Pioneers Medical Center,"Meeker, CO"
Law Firm Administrator,LHH,"Asheville, NC"
Tech Sales Associate,Network Craze Technologies,"Port Charlotte, FL"
Licensed Health Insurance Agent- Work from Home,Everise,United States
Account Manager,Burton Energy Group,"Alpharetta, GA"
Retail Sales Associate - Self Serve,IKEA,"Grand Prairie, TX"
Community Support Specialist,"Triple C Housing, Inc.","North Brunswick, NJ"
Speech Language Pathologist,IICA Speech,"Roseville, CA"
Inside Sales/Customer Service,,Dallas-Fort Worth Metroplex
Associate Director of Campus Safety,Willamette University,"Portland, Oregon Metropolitan Area"
Senior Design Engineer/Project Manager,,"Warren, NJ"
"Client Support Specialist, Weekend Full-Time",RumbleUp: Powerful Political Texting,"Salt Lake City, UT"
Business Development Specialist,The Matic Studio,"California, United States"
Tier One Customer Service Representative,North End Teleservices LLC,"Omaha, NE"
.Net Azure Architect (Local to WA),Diamondpick,"Seattle, WA"
Phone Triage (RN or LPN),Lakeside Pediatrics and Adolescent Medicine ,"Coeur d'Alene, ID"
Bookkeeper,Brava! for Women in the Arts,"California, United States"
Graphic Designer,Puffer Labs,United States
Sr. Project Engineer,Bright Vision Technologies,United States
SAP FICO – AMS Consultant,NR Consulting,"Scottsdale, AZ"
Admissions Representative,Health And Style Institute,"Kennesaw, GA"
Graphic Designer,Coalition Technologies,United States
Associate Attorney,,"Costa Mesa, CA"
Laboratory Technician,Brillouin Energy,"Berkeley, CA"
Android Developer Intern (Unpaid),Budgetwise,United States
Merchandise Planner,EmazingGroup - INTO THE AM & iHeartRaves,"Anaheim, CA"
Investor Service & Financial Planning Associate,"Horizons Sustainable Financial Services, Inc.","Santa Fe, NM"
Development Director,Jamestown Community Center,"San Francisco, CA"
Commercial Real Estate Broker,Lee & Associates Greenville / Spartanburg,"Greenville-Spartanburg-Anderson, South Carolina Area"
Head of Client Relations,World of Reza,New York City Metropolitan Area
Customer Service Representative 1 (Promo Roll),Comcast,"Pennsylvania, United States"
Machine Learning Engineer,NLB Services,"Dallas, TX"
Server,Brennan's Restaurant,Greater New Orleans Region
•	Tier I Help Desk associate,Ritz Safety,"Dayton, OH"
Head of Content / Search Engine Optimization Copywriter,"International Citizens Group, Inc.",United States
Community Engagement Coordinator,HOPE Tutoring ,"Arlington, TX"
Marketing Manager,Reolink,Los Angeles Metropolitan Area
Land Use Planner / Entitlements Director,LSI ,"Austin, Texas Metropolitan Area"
eCommerce Data Analyst,Radiant Systems Inc,United States
Senior Product Marketing Manager,Elucidata,"Boston, MA"
Cleaning Personnel,,"Lagrange, OH"
RE: Urgent hiring for Workday Prism Developer,Teamware Solutions a division of Quantum Leap Consulting Pvt. Ltd,"Plano, TX"
Senior Commercial HVAC Estimator,"Cooper Oates Air Conditioning, Inc.","Sacramento, CA"
Clinical Revenue Supervisor,Biological Sciences Division at the University of Chicago,"Chicago, IL"
Office Price Book Administrator,Huck's Food and Fuel,"White County, IL"
NAI / NAII - 2 South Medical- Surgical/Telemetry,Cape Fear Valley Health,"Fayetteville, NC"
Corporate Controller,Nile,"San Jose, CA"
Payroll Bookkeeper,Tuscaloosa City Schools,"Tuscaloosa, AL"
Recruitment business development VP,Ainsley Reid International Limited,United States
Maintenance Technician,US Farathane,"Kansas City, MO"
Level II Technicians and Assistants (preferably with radiation safety),"Precision Weld Testing & Training, LLC/Precision Inspection Services, LLC","Beaumont, TX"
Mental Health Therapist,Duality Psychological Services,"Los Angeles, CA"
Security Professional,Bravo Research Group inc.,"Los Angeles, CA"
Medical Equipment Outside Sales Representative ,Confidential,"Columbia, SC"
EV/Cash Flow Analyst,"Smith & Associates, LLC.","Grand Rapids, MI"
Digital Marketing Manager,Explorer Chick Adventure Co.,United States
Front of House,Lovely Bride,New York City Metropolitan Area
Lead Product Designer,Thurgood Industries,"Austin, TX"
Project Estimator,"Knapp Engineering, Inc.","Prospect, CT"
Partner Success Manager- Bilingual Spanish Speaker,Revi ,San Francisco Bay Area
Instructional Aide,"ChanceLight Behavioral Health, Therapy, & Education","Columbus, GA"
Therapist,APAIT a division of Special Service for Groups,Los Angeles Metropolitan Area
Chief Revenue Officer,NovaByte,United States
Informatica MDM,Diverse Lynx,"Southlake, TX"
Licensed Property & Casualty Insurance Agent,,"Franklin, TN"
Integrated Marketing Manager,Bent Pixels,"Culver City, CA"
Business Development Specialist,Environ Energy,United States
Education Budget Manager ,Chesapeake Bay Foundation,"Annapolis, MD"
Precast Design Engineer,PTAC Engineering,"Pensacola, FL"
General Manager,LM Restaurant Group,"Evanston, IL"
Staff Attorney - Housing,"Gulfcoast Legal Services, Inc","Bradenton, FL"
Maintenance Engineering specialist,Advantage Technical,"Houston, TX"
Part-Time CFO/Controller,Stiles CFO Services,Greater Philadelphia
Help Desk Support,Kaizen Technologies,"Golden, CO"
UNPAID Public Relations,Positive Masculinity Now,"Seattle, WA"
M365 Architect,Diverse Lynx,"Edison, NJ"
Medical Case Manager,Harmony Healthcare Inc.,"Orlando, FL"
Director of Sales,"HMP Properties, LLC","Fredericksburg, VA"
Financial Accounting Specialist,SQAIRZ,"Salem, NH"
Hiring for the role of Azure Cloud Engineer,VDart,"Hartford, CT"
Restaurant Shift Supervisor,Pollo Campero,"Houston, TX"
Shelter Team Member with emphasis in Customer Care,Cheyenne Animal Shelter,"Cheyenne, WY"
Resident Engineer,SSC Inc,San Francisco Bay Area
Acoustic Consultant,Papadimos Group,"San Rafael, CA"
Technology Trust & Compliance Professional,Decrypt Compliance,United States
Sr Software Engineer,"iBrain Technologies, Inc",United States
Radio Frequency Engineer,Quoherent,"Winston-Salem, NC"
Receptionist,"Kisling, Nestico & Redick, LLC (KNR)","Columbus, OH"
Hardware Design Engineer,Sun Technologies,"Hillsboro, OR"
Accountant,Weiss Construction,"Novi, MI"
Software Development Engineer in Test,Vendor Build Inc,"North Creek, WA"
Data Entry Specialist,Acro Service Corp,"Phoenix, AZ"
Geographic Information System Specialist,Enterprise Solutions Inc.,"Goodyear, AZ"
Desktop Support Technician,Siri InfoSolutions Inc,"Aurora, CO"
Remodeling/Insurance Estimator,Your Home Expert,Dallas-Fort Worth Metroplex
service now architect,Vision InfoTech Inc.,"Richardson, TX"
"Manager, Conference Operations",National Association of Manufacturers - NAM,"Washington, DC"
Upholsterer,Cabin Crafters Inc.,"South Hackensack, NJ"
Director of Project Management (ecological restoration),"Wilkinson Ecological Design, Inc.","Hanover, MA"
Engineering Project Manager / Project Manager,LS Solutions,"Madison, WI"
Associate Compliance Officer and Director of International Affairs Compliance,Florida State University,"Tallahassee, FL"
Marketing Intern,Bullet Sponge Creative,United States
Call Center Representative,RadGov Inc.,"Golden, CO"
M365 Power-Platform or SharePoint Online Developer,Compunnel Inc.,"Boston, MA"
Research Associate (Scientific Communications),Aptitude Medical Systems,"Santa Barbara, CA"
Dialysis Technician,DevCare Solutions,"Orient, OH"
Senior Lawyer,Nova Ukraine,"California, United States"
Battery R&D Scientist,NextGen Battery Technologies,"Somerset, NJ"
Sales Director,,"Toms River, NJ"
Pediatric Occupational Therapist,BUSY BODY PEDIATRIC THERAPY LLC,"Marietta, GA"
Accounts Payable Associate,Holland Partner Group,"Vancouver, WA"
Marketing Specialist - Membership Growth & Retention,Christianity Today,United States
Lead Documentum Consultant,PSRTEK,"Plano, TX"
IT Project Manager (Remote Work Available),Talentify.io,United States
Project Engineer,Rise Technical,"Houston, TX"
Content Creator/Videographer Role,happy productions,"New York, NY"
Account Executive,CashmanCo,"New York, NY"
Product Validation Engineer (EVT/DVT)																								,ANELLO,"Santa Clara, CA"
Service Supervisor,Stasis Drilling Solutions,"Bossier City, LA"
Wholesale Sales Assistant,,New York City Metropolitan Area
Physical Therapist,,"Owensboro, KY"
Salesperson,rh contract,Cincinnati Metropolitan Area
Construction Accountant,Madsen Electric,"Tacoma, WA"
Regional Sales Manager,"Encon Safety Products, Inc.","Ohio, United States"
MicroStrategy Administrator,Intellyk Inc.,"Virginia City, NV"
Watchmaker,Kerns Fine Jewelry,"San Francisco, CA"
Head of Client Services,CMDS,"Colts Neck, NJ"
Clinical Appeals Manager (RN),Managed Resources,United States
CRA Officer (Community Reinvestment Officer),The North Side Bank & Trust Company,"Cincinnati, OH"
Operational Meteorologist,Perry Weather,"Dallas, TX"
Technical Product Manager - Cloud,InRhythm,"Palo Alto, CA"
Personal Lines Account Executive,,"Grover Beach, CA"
Financial Operations & Decision Support Manager,Department of Behavioral Health and Developmental Services,"Staunton, VA"
Structural Design Engineer,MKM & Associates Structural Engineering,"Rohnert Park, CA"
PRN Registered Nurse,Department of Behavioral Health and Developmental Services,"Danville, VA"
Chief Operating Officer,"myHR Partner, Inc.","Pennsylvania, United States"
ComEd - Maint Mech 0 Cert Fleet,Exelon,"Lombard, IL"
Sales and Leasing Consultant,George White Chevrolet,"Ames, IA"
"Manager, Corporate Vertical Sales",YETI,"Austin, TX"
Azure Data Engineer (Full time),Publicis Sapient,"Arlington, VA"
Technician,SKF Group,"Plymouth, MI"
Heat Treat Operator,SKF Group,"Muskegon, MI"
Restaurant Manager,Katz's Never Kloses,"Houston, TX"
Research Associate (Molecular Biology & Protein Expression),GigaGen Inc,"San Carlos, CA"
Administrative Assistant,Stavis Seafoods,"Boston, MA"
PR Editor and Proofreader,Mogul Press,United States
Dir / Sr Dir SaaS Development,Element Energy,"Menlo Park, CA"
Procurement Specialist,Exelon,"Oakbrook Terrace, IL"
Senior Brand Manager - Campaigns,YETI,"Austin, TX"
Quality Engineer,SKF Group,"Lansdale, PA"
Payroll & HRIS Administrator,SKF Group,"Blue Bell, PA"
Maintenance Tech 12A - 2nd Shift,SKF Group,"Sumter, SC"
Manufacturing Engineer,SKF Group,"Dexter, MI"
Accounts Receivable Analyst,SKF Group,"Blue Bell, PA"
Regional Technical Specialist,SKF Group,"Cincinnati, OH"
Machining - Grinding Specialist,SKF Group,"Muskegon, MI"
CNC Machine Operator 3rd shift,SKF Group,"Hanover, PA"
Maintenance Technician,SKF Group,"Ladson, SC"
Product Marketing Specialist,WorldLink US,"Ridgefield, NJ"
Digital Analyst (Google Analytics),Advaana Inc,United States
Field Sales Consultant,Sunrun,"Irvine, CA"
Homeless Shelter Manager- La Posada,GOOD SAMARITAN SHELTER,"Goleta, CA"
Sales and Customer Experience Specialist,,"Kearney, NE"
Public Relations Intern,ASSOULINE,New York City Metropolitan Area
Federal Grant and Assessment Director,Nevada Virtual Charter School,"Las Vegas, NV"
Machine Operator,SKF Group,"Dexter, MI"
Seal Product Design Engineer,SKF Group,"Elgin, IL"
Manufacturing Systems Coordinator,SKF Group,"Sumter, SC"
Assistant Controller,SKF Group,"Winsted, CT"
Application Engineer,SKF Group,"Falconer, NY"
Heat Treat Manager,SKF Group,"Falconer, NY"
Demand Planner,SKF Group,"Lansdale, PA"
Pool Remodel Salesman,OC Poolscapes,"Santa Ana, CA"
Information Technology Manager,RITA Corporation,"Crystal Lake, IL"
Sociology Research & Writing Intern,,"Texas, United States"
CNC Machinist,SKF Group,"Dexter, MI"
Manufacturing Engineering Manager,SKF Group,"St Louis, MO"
CH 18 Machine Operator - 2nd Shift,SKF Group,"Sumter, SC"
Machine Operator,MKT Fastening LLC,"Lonoke, AR"
Commercial Lines Small Business Account Manager,The Yurconic Agency,"Allentown, PA"
"Director, Finance Business Systems",Jewish Federation of Cleveland,"Cleveland, OH"
Financial Advisor (Sales Role-Training Provided),Northwestern Mutual - Portland,"Portland, OR"
Senior Construction Manager,Metropolitan Transportation Authority,"New York, NY"
Human Resources Office Support Technician,California Department of Human Resources (CalHR),Greater Sacramento
Environmental Engineer,Insight Global,"Houston, TX"
Mutual Fund Financial Reporting Analyst,DISYS,"Boston, MA"
Territory Sales Manager,,United States
Store Manager,Panda Restaurant Group,"Milledgeville, GA"
Regional Sales Manager - Northwest,SolarEdge Technologies,"Portland, Oregon Metropolitan Area"
Senior Scientific Project Manager - Genomics,Discovery Life Sciences,"Huntsville, AL"
Mortgage Loan Officer - Texas/Remote,NEXA Mortgage,United States
Accounting Manager,Fracht Group - North America,"Houston, TX"
Estimation Engineer,Aegis Worldwide,"Shelby Township, MI"
Billing Specialist,Ledgent,"Hartford County, CT"
W2 only _ Java Developer,"Computer Data Concepts, Inc","Columbus, Ohio Metropolitan Area"
Real Estate Office Assistant,Douglas Elliman Real Estate,"Malibu, CA"
Superintendent,Delta Construction,"Phoenix, AZ"
Communications Intern,Council of Western State Foresters,"Colorado, United States"
Cyber security /Report Developer ( W2 Role),Diverse Lynx,United States
New Business Development Representative,In-Flight Crew Connections,"Charlotte, NC"
416550 - Postdoctoral Appointee - CSE - Heavy Element Chemistry and Separation Science Group,Argonne National Laboratory,"Lemont, IL"
RN - Pre-op and PACU 0.9 FTE Day,Providence Health & Services,"Seaside, OR"
Area Sales Manager,,United States
Account Executive,CCS Construction Staffing,"Virginia Beach, VA"
Summer Law Clerk,Castle Law,"Joliet, IL"
Refugee Medical Assistant,Maricopa County,"Phoenix, AZ"
Procurement Specialist,Maricopa County,"Phoenix, AZ"
"2024-2025 Project Facilitator, Special Education",Clark County School District,"Las Vegas, NV"
Senior Business Analyst (Pharma/Biotech/Scientific),Infotree Global Solutions,"Cambridge, MA"
SAP Partner - Account Management,Birlasoft,"Houston, TX"
Logistics Operations Engineer,KNAPP North America,"Joliet, IL"
Employment & HR Litigation Attorney,Robert Half,"Chicago, IL"
Interim DON,AMN Healthcare Leadership Solutions,"Valentine, NE"
Legal Assistant (Legal Access Officer),Federal Bureau of Prisons - Career Connections,"Philadelphia, PA"
Senior Project Manager - GC,Peak Talent Advisors,"North Carolina, United States"
Environmental Protection Specialist,Federal Bureau of Prisons - Career Connections,"Lewis Run, PA"
Manager Technology ,"McDermott International, Ltd","Houston, TX"
Fleet Manager,Intesa HR,"Indianapolis, IN"
Internet of Things Engineer,Synapse Tech Services Inc,"Plano, TX"
Technical Project Manager/Scrum Master,UST,"West Chester, PA"
Patient Access Associate II,Riverside Healthcare,"Kankakee, IL"
Electrical and Instrumentation Technician,Rainbow Municipal Water District,San Diego Metropolitan Area
"Mental Health Professional - $3,000 Hiring Bonus",Fraser,Greater Minneapolis-St. Paul Area
"Retail, Sales Associate",Crocs,"Las Vegas, NV"
Senior Robotics Engineer (Commercial Grade),techolution,"Ridgewood, NJ"
Customer Service Representative,Crocs,"Broomfield, CO"
Inventory Control Associate - 1st Shift,Crocs,"Vandalia, OH"
Java Technical Lead,Golden Technology,"Cincinnati, OH"
Assistant Principal - Jydstrup ES,Clark County School District,Las Vegas Metropolitan Area
Senior Automation Engineer,Johnson & Johnson,"Mooresville, IN"
Personal Lines Account Manager,Nulty Insurance,"Kalamazoo, MI"
Early Childhood Associate 2024-25 School Year,Des Moines Public Schools,"Des Moines, IA"
Bilingual Sales Assistant,New Home Star,"Aurora, CO"
New Home Sales Director (Relocatable),New Home Star,"Atlanta, GA"
Enterprise Account Executive - Pacific North West (SLED),Info-Tech Research Group,"Oregon, United States"
"AVP, Underwriting Team Leader | Hybrid",The Jonus Group,"New York, NY"
Commercial CSR (trucking),The Jonus Group,"Forest Park, GA"
Convention Sales and Business Development Manager,Visit Anaheim,"Anaheim, CA"
Customer Advocacy Manager,Vectra AI,United States
Graphic and Website Design Specialist,New Horizon Academy,"Plymouth, MN"
Reliability/Injection Molding Maintenance Technician,GPI / GPRO,"Wichita, KS"
Guest Experience Specialist,VIO Med Spa,"Redmond, WA"
Registered Nurse,AIA Staffing,"Hatboro, PA"
Administrative Assistant,,"Buda, TX"
Rehab Therapy Manager,Department of Behavioral Health and Developmental Services,"Danville, VA"
Manufacturing Engineer,,"Montpelier, OH"
Store Experience Guide – Part Time – Carlsbad,YETI,"Carlsbad, CA"
Communication and Change Manager,SKF Group,"Blue Bell, PA"
Metallurgist,SKF Group,"Sumter, SC"
Visual Inspector,SKF Group,"Dexter, MI"
General Operator 3rd Shift,SKF Group,"Hanover, PA"
"Business Controlling, Full Value Chain Americas",SKF Group,"Blue Bell, PA"
Quality Inspector,SKF Group,"Ladson, SC"
Production Planner,SKF Group,"Hanover, PA"
Sales Administrative Assistant,"Obsidian Manufacturing Industries, Inc.",Greater Rockford Area
Project Manager,EPITEC,"Dearborn, MI"
Store Manager,Panda Restaurant Group,"Grayson, GA"
Senior Salesforce Developer,"Infowave Systems, Inc",United States
Java Architect,Quantum World Technologies Inc.,"Minneapolis, MN"
Construction Manager,Metropolitan Transportation Authority,"New York, NY"
Human Resources Transactions Manager,California Department of Human Resources (CalHR),Greater Sacramento
Desktop Support Technician,Alchemy Software Solutions,"Austin, TX"
Database Administrator (BOCA RATON),Ledgent Technology,"Boca Raton, FL"
Store Manager,Panda Restaurant Group,"Avon, IN"
Business Development Manager,JD Ross Energy,New York City Metropolitan Area
Staff / Senior Accountant (,Bailey's Moving and Storage,"North Salt Lake, UT"
Digital Designer,Planet Interactive,"Bolingbrook, IL"
Part time Recruiter,Gibsons Restaurant Group,"Chicago, IL"
Laboratory Coordinator,Apex Systems,"Naperville, IL"
Data Management Analyst,EPITEC,United States
Electrical and Instrumentation Engineer,Koura,"Baton Rouge, LA"
"Vice President, HR, Associate Experience ",Radial Inc.,United States
Certified Medical Assistant,EdgeGlobal LLC,"Pella, IA"
Director of Economic Development,City of Montgomery,"Montgomery, AL"
Distribution/Warehousing Support Manager,Volvo Buses,"South Plainfield, NJ"
Field Service Technician,Volvo Construction Equipment,"Fresno, CA"
Timekeeper,,"Pearland, TX"
Medical Claims Processor,Aya Healthcare,"Santa Barbara, CA"
Software Engineer with Vue JS.,Ask IT Consulting Inc.,"Duluth, GA"
Police Records Specialist,Metropolitan Council of the Twin Cities,"Minneapolis, MN"
2024-2025 GENERAL RESOURCE TEACHER - NEVADA LEARNING ACADEMY,Clark County School District,"Las Vegas, NV"
Sr. Project Analyst - Value Management (Hospital & Healthcare),Resource Logistics Inc.,"Irvine, CA"
Senior Sales Manager - Renaissance Harlem ,Real Hospitality Group,"New York, NY"
Patient Coordinator,Benevis,"Evansville, IN"
Office Administrator,"Magellan Financial & Insurance Services, Inc.",Greater Grand Junction Area
Maintenance Tech for Luxury Property,Associa,"Miami, FL"
Director of Childhood Education ,The TemPositions Group of Companies,"New York, NY"
Staff Accountant,Addison Group,"Washington, DC"
"Sr. Director, Media Communications Planning",Quigley-Simpson,Los Angeles Metropolitan Area
User Experience Designer,Optomi,United States
Senior Business Analyst,DATAECONOMY,"Tampa, FL"
Quality Control Specialist,Randstad Life Sciences US,"Cambridge, MA"
CHIEF OF STAFF,Greenwich Psychology Group,"New York, NY"
"Quality Assurance Specialist - DRUG (Pharma/Biotech/Medical Devices) - Frederick, MD/Wilson, NC",Infotree Global Solutions,"Frederick, MD"
Chemist I ,Planet Pharma,"Minneapolis, MN"
Junior Project Manager,Diamondpick,"Chicago, IL"
Bookkeeper,Robert Half,"Santa Barbara County, CA"
Facility Engineer,Zenith Energy U.S.,"Long Beach, CA"
"Foreperson, Commuter Rail",Metropolitan Council of the Twin Cities,"Big Lake, MN"
Bilingual Sales Assistant,New Home Star,"Fort Lupton, CO"
Medical Coder,Siri InfoSolutions Inc,"Clackamas, OR"
New Home Sales Director (Relocatable),New Home Star,"Fort Lauderdale, FL"
"Assistant, Management (Labor Supply and Partnerships) - 516461",Tennessee Valley Authority,"Knoxville, TN"
Commercial Insurance Placement Specialist - Hybrid Remote,The Jonus Group,"Jackson, MI"
Commercial Insurance Account Assistant - Hybrid,The Jonus Group,"Milwaukee, WI"
Pediatric Dietitian I - Cardiac Transplant / Cardiology,Phoenix Children's,"Phoenix, AZ"
Principal Systems Engineer,Bracco Medical Technologies,"Eden Prairie, MN"
Respiratory Therapist,RUSH University Medical Center,"Chicago, IL"
Insurance – Personal Lines - DC12731,Pryor Associates Executive Search,"Nassau County, NY"
Cloud DevOps Engineer,Zact,United States
"Senior Analyst, Data & Analytics",Quigley-Simpson,Los Angeles Metropolitan Area
Call Center-REMOTE,Gainwell Technologies,"Maine, United States"
Search Engine Optimization Manager,,"Utah County, UT"
Computer Field Service Technician ,Indotronix Avani Group,"Elmsford, NY"
FT Relationship Banker I or II,Bankers Trust,"Phoenix, AZ"
SKILL DEVELOPMENT COORDINATOR,Futures Training Center,"Corona, CA"
SRE/DevOps Support Engineer (W2),"Infotech Spectrum Inc,","Chicago, IL"
CNC Operator 2nd Shift,SKF Group,"Hanover, PA"
Manufacturing Engineer,SKF Group,"Ladson, SC"
"Operational Buyer, Vehicle Aftermarket",SKF Group,"Blue Bell, PA"
Millwright Journeyman,SKF Group,"Falconer, NY"
VP of Digital Enablement and Technology,SKF Group,"Blue Bell, PA"
Industrial Maintenance Technician,SKF Group,"Muskegon, MI"
Procurement Quality Engineer,SKF Group,"Falconer, NY"
People Experience Expert Level II,SKF Group,"Falconer, NY"
Mine Foreman,Energy Fuels Inc,Greater Flagstaff Area
Project Management Director,Service Corporation International,"Houston, TX"
"Associate Accountant, Payroll Tax ","Giant Eagle, Inc.","Cranberry Township, PA"
Senior HR Generalist,Vaco,"Jacksonville, FL"
Digital Asset Management Specialist ,Brady Corporation,"Milwaukee, WI"
Maintenance Supervisor (Signals) II (Instructor),Metropolitan Transportation Authority,"Brooklyn, NY"
Promotions Manager,IRMCA - Indiana Ready Mixed Concrete Association,"Indianapolis, IN"
Tax Supervisor,Avesta Computer Services,"Fairfield, NJ"
ServiceNow Developer,"Reveille Technologies,Inc","Austin, Texas Metropolitan Area"
Information Security Manager,ApTask,United States
Primary Care Physician,UT Health San Antonio,"San Antonio, Texas Metropolitan Area"
Senior Developer – React Native,Avesta Computer Services,"Austin, Texas Metropolitan Area"
Driver,,"Batavia, IL"
Sales Development Representative (SDR),SCAIL,"Utah, United States"
Azure Data Engineer,"Econtenti, Inc","Seattle, WA"
Private Equity Analyst,Augment Jobs,New York City Metropolitan Area
Creative Content Developer (323565),"IDR, Inc.","Morristown, NJ"
Quality Technician,"Kelly Science, Engineering, Technology & Telecom","Wooster, OH"
Senior Front-End Engineer ,eHire,Atlanta Metropolitan Area
Accounts Payable Clerk - Temp to Hire,,"Irvine, CA"
Banking Operations Systems Analyst,Fortis Bank,"Denver, CO"
Medical Assistant,Fountain Life,"Orlando, FL"
System Administrator with HCP & AWS,Tekshapers,"Sunnyvale, CA"
Rental Linen & Uniform Sales,"American Linen and Uniform Supply of NM, Inc.","Las Cruces, NM"
Financial Director,Aditi Consulting,"San Francisco, CA"
Software Design Engineer,VDart,"Seattle, WA"
Payroll/HR Associate (Pharma/Biotech/Med Devices/Healthcare) - Hybrid!!,Infotree Global Solutions,"Exton, PA"
Principal Engineer- Water Department,City of East Orange,"East Orange, NJ"
"Attorneys - Business,Real Estate,Land Use and Estate Planning","Perry, Johnson, Anderson, Miller & Moskowitz LLP","Santa Rosa, CA"
Universal Banker ,Harmony Bank,"Garland, TX"
"Senior Director, Epidemiology (REMOTE 100%)",Infotree Global Solutions,United States
Security Engineer,Apex Systems,"Atlanta, GA"
"2024-2025 Humanities Teacher - Cox, Clyde ES",Clark County School District,"Las Vegas, NV"
Clerk 1/ Community Service Aide,City of East Orange,"East Orange, NJ"
Insurance Account Manager - New Haven CT,Ultimate Staffing,"New Haven, CT"
Secretary (Unit Secretary),Federal Bureau of Prisons - Career Connections,"Safford, AZ"
 Junior ETL QA Test Engineer,Infinite Computer Solutions,United States
Respiratory Care Practitioner,Providence Health & Services,"Portland, OR"
Paper Converting Machine Operator,Fischer Paper Products,"Antioch, IL"
Marketing Specialist,Insight Global,"Birmingham, AL"
Civil Engineering - Utilities & Public Works Project Manager,MWM DesignGroup,"Austin, TX"
Senior Investigator/Tester/Teacher,"Denken Solutions, Inc.","Lexington, MA"
Fulltime RN - TheraCare Home Health Houston,Cantex,"Houston, TX"
Sr. Business Analyst/Tester,Quantum Vision,"Linthicum Heights, MD"
Associate Director of Events,Law Rocks,Los Angeles Metropolitan Area
Instructional Coach,Des Moines Public Schools,"Des Moines, IA"
Work Based Learning Coordinator,Des Moines Public Schools,"Des Moines, IA"
Sales Assistant (Full-Time),New Home Star,"Leesburg, FL"
Renewal Manager,Stova,United States
Training Program Manager,"Milestone Technologies, Inc.","Mountain View, CA"
Utilities Mechanic - HVAC - JW,"RED-ROCHESTER, LLC","Rochester, NY"
Commercial Lines Account Manager - Workers' Compensation,The Jonus Group,"Portland, OR"
"Director, Global Compliance",HARMAN International,"Richardson, TX"
Clinical Pharmacist - OP,Phoenix Children's,"Phoenix, AZ"
Dispatch Coordinator,Hercules Materials Holdings LLC.,Detroit Metropolitan Area
Medical Office Technician - RMA/CMA/CCMA,Lexington Medical Center,"Columbia, SC"
Wastewater EIT,Harper Harrison,"San Antonio, Texas Metropolitan Area"
Assistant Claims Examiner (Onsite Atlanta GA.),Gainwell Technologies,"Tucker, GA"
Maintenance Manager,"Westmount Realty Capital, LLC",Atlanta Metropolitan Area
Director of Finance,St. Pius X High School,"Houston, TX"
Labor and Delivery - RN,North Arkansas Regional Medical Center,"Harrison, AR"
Accounting Manager,GOOD SAMARITAN SHELTER,"Santa Maria, CA"
Fabricator,Next Level Displays,"Brea, CA"
IT QA Engineer II,YETI,"Austin, TX"
Test Engineer,SKF Group,"Plymouth, MI"
Quality Supervisor,SKF Group,"Sumter, SC"
CH 9 Machine Operator 2nd Shift,SKF Group,"Sumter, SC"
Human Resource Administrator,SKF Group,"Hanover, PA"
Fluorescent Penetrant Inspector,SKF Group,"Winsted, CT"
"Global Graduate, Aerospace",SKF Group,"Ladson, SC"
Knowledge Digitalization Engineer,SKF Group,"Plymouth, MI"
Reliability Program Lead,SKF Group,"Osceola, AR"
Senior Accountant,"Burchard and Associates, Inc.",Greater St. Louis
Human Resource Manager,Johnson Feed Inc.,"Canton, SD"
Sales Supervisor - Lido Marina Village,Velvet by Graham & Spencer,"Newport Beach, CA"
Risk Consultant,Insight Global,Atlanta Metropolitan Area
Staff Accountant,Pegasus,"San Diego County, CA"
Windows Software Engineer,Renewed Vision,United States
SAP S/4 Cloud Delivery Lead (Automotive Car Motor/Vehicle Manufacturing experience) ,KAnand Corporation,"Auburn Hills, MI"
Store Manager,Panda Restaurant Group,"Douglasville, GA"
Electrical & Instrumentation Inspectors - Contract,SGS,"Boston, MA"
Payroll and Benefits Specialist,"Badlands Contracting, LLC","Watford City, ND"
HRIS & People Data Administrator,Corps Team,"Charlotte, NC"
Office Assistant,Acro Service Corp,"Honolulu, HI"
Contract Administrator,Intellyk Inc.,"Kent, WA"
Fair Lending Compliance Analyst,Partnership Employment,"Paterson, NJ"
Opera Cloud PM,Tekshapers,"Las Vegas, NV"
Wealth Management Business Data Analyst,MCubeSoft,"Charlotte, NC"
Senior Dotnet Developer,Amtex Systems Inc.,New York City Metropolitan Area
"Bilingual Staff Attorney, Farmworker Program",Legal Aid Services Of Oregon,"Hillsboro, OR"
Executive Assistant to Chief Executive Officer,Akron-Canton Airport (CAK),"North Canton, OH"
Treasury Manager,EagleView,United States
"Manager, Talent and Organizational Development",KeHE Distributors,"Naperville, IL"
Group Benefits Account Manager,Keyes Coverage Insurance Services,"Tamarac, FL"
 Sr Import/Export Analyst ,Renesas Electronics,"San Jose, CA"
Electrical Engineer,Axzora Resourcing,"Sheridan, WY"
Sales Development Representative,Phreesia,Raleigh-Durham-Chapel Hill Area
Exam Proctor,Corestaff Services,Washington DC-Baltimore Area
IT Service Desk Specialist I,Wimmer Solutions,"Seattle, WA"
2024-2025 MATH TEACHER HS - LAS VEGAS HS,Clark County School District,"Las Vegas, NV"
2024-2025 MATH TEACHER HS - LAS VEGAS HS,Clark County School District,"Las Vegas, NV"
2024-2025 Physical Science Teacher - CLARK HS,Clark County School District,"Las Vegas, NV"
Senior ReactJS Developer,PALNAR,"Redwood City, CA"
Dental Assistant-Oral Surgery/Endo/General Anesthesia,Benevis,"Virginia Beach City County, VA"
Formulations & Material Handling Team Leader,Schreiber Foods,"Monett, MO"
Clinical Contracts Manager (Seattle/Santa Monica/Parsippany/Foster City),Infotree Global Solutions,"Parsippany, NJ"
Senior ELK Admin,Epsilon,"Irving, TX"
Financial Analyst,Aya Healthcare,"Oklahoma City, OK"
Biopharmaceutical Manufacturing Production Specialist,Randstad Life Sciences US,"Berkeley, CA"
Associate Communications Specialist - Transit Control Center,Metropolitan Council of the Twin Cities,"Minneapolis, MN"
Program/Site Director I,Children's Aid,"Bronx, NY"
Cook,Casa Capri Recovery,"Costa Mesa, CA"
Renewable Energy Administrative Data Coordinator,Virginia Department of Environmental Quality,"Richmond, VA"
Service Technician,"Lift Solutions Holdings, LLC","Lindstrom, MN"
Operations Excellence Leader,Danone,"Salt Lake City, UT"
Vice President of Sales,West Paw,"Bozeman, MT"
Full Manager Bookkeeper (26394),Dahl Consulting,United States
Account Manager,Finishing Solutions,"Middlefield, OH"
Office Manager,"Magellan Financial & Insurance Services, Inc.",Little Rock Metropolitan Area
Ultrasound Technologist ,RUSH University Medical Center,"Chicago, IL"
Senior Staff Accountant (26391),Dahl Consulting,"Cold Spring, MN"
Staff Accountant,,"Islandia, NY"
Electrical Engineer (Power Supply),Ampstek,"Houston, TX"
Corporate & Entrepreneurial Interviewer,Mindful Agency,United States
Field Service Technician,NuSource Financial LLC,Greater Minneapolis-St. Paul Area
Generative AI Engineer,Ehub Global Inc,"Jersey City, NJ"
"Subrogation Services, Associate (Remote, USA)",Gainwell Technologies,"Texas, United States"
"Office Professional, R&D/TS&D",Trinseo,"Midland, MI"
SBDC Business Consultant,Tarleton State University,"Stephenville, TX"
Salesperson,,"San Antonio, TX"
Entry Level Account Manager – Relocation Department,CENTURY 21 North Homes Realty,"Lynnwood, WA"
Store Loss Prevention Investigator,SEPHORA,"San Luis Obispo, CA"
Site Warehouse Manager,Voyage Foods,"Oakland, CA"
Cleaner,,San Diego Metropolitan Area
Senior Project Manager,Avesta Computer Services,"Flowood, MS"
Vice President of Development,Dress for Success Cincinnati,Cincinnati Metropolitan Area
Accountant I Corporate Reporting,"CVR Energy, Inc.","Sugar Land, TX"
Information Technology Analyst II,Auria,"St Clair, MI"
Manager - Digital Marketing,Midea America Corp,"Parsippany, NJ"
Installation Engineer,Insight Global,"Rochester, MI"
Manager Project Engineering (HVAC / Construction)),Demetrio and Associates,New York City Metropolitan Area
Junior Business Analyst,Planet Technology,"Boston, MA"
Tailor/Patternmaker,24 Seven Talent,"Honolulu, HI"
Business Development Associate,Origin MEC,"Johnstown, CO"
Registered Nurse (Bronx | 24 Hours/Week | Part-Time),The New York Foundling,"Bronx, NY"
Regulatory Submissions Manager_ Remote,NEOTECH Solutions,"Boston, MA"
Corporate Accountant,Social Capital Resources,"New York, NY"
Financial Advisor,"Magellan Financial & Insurance Services, Inc.",Dallas-Fort Worth Metroplex
Process Engineer,"QUAD, a SolomonEdwards Company","Jim Thorpe, PA"
Accounting and Finance Consulting Opportunities,LHH,"Houston, TX"
Account Sales Executive- Fresno/ Clovis,Jackson Family Wines,"Fresno County, CA"
2024-2025 Grade 1 Teacher Goynes ES,Clark County School District,"Las Vegas, NV"
Healthcare QA,Srimatrix Inc.,"Danvers, MA"
Validation Analyst,Talent Groups,"Middleton, WI"
Tibco Administrator with Azure DevOps Exp,"Cliecon Solutions, Inc.","Berkeley Heights, NJ"
Vice President of Marketing,Ascend Federal Credit Union,"Murfreesboro, TN"
Ruby on Rails Developer,Ehub Global Inc,"Austin, TX"
Air Conditioning Equipment Mechanic Supervisor (HVAC Foreman),Federal Bureau of Prisons - Career Connections,"Lexington, KY"
Index Bond Pricing Analyst,Dexian,"Newark, DE"
Production Supervisor,Prime Management Group Inc.,"Cleveland, OH"
Sales Development Representative,Phreesia,"Greater Birmingham, Alabama Area"
Control Room Compliance Officer,Partnership Employment,New York City Metropolitan Area
Senior Architect,RightPro Staffing,"Danbury, CT"
"Retail, Sales Associate T",Crocs,"Myrtle Beach, SC"
General Manager,Velvet Taco,Nashville Metropolitan Area
"Project Architect, Justice+Civic",DLR Group,"Los Angeles, CA"
Colleague Software Programmer,GlobalPoint Inc,United States
Financial Professional (REMOTE),,United States
"Associate, Investment Operations and Trading ",Cresset,"Atlanta, GA"
DRG Nurse Reviewer,Zelis,"Texas, United States"
Lead Financial Analyst,TechWish,"Merrifield, VA"
Clinician Neurofeedback Lead,Fort Bend Women’s Center,"Richmond, TX"
O9 Supply Chain Management Consultant,"Computer Data Concepts, Inc","Sunnyvale, CA"
"Instructor, Computer Information Technology",Southeast Community College,"Lincoln, NE"
Board Certified Behavior Analyst,Dallas Healthcare Consultants,Dallas-Fort Worth Metroplex
VICE PRESIDENT OF CORPORATE PARTNERSHIPS,Frontwave Arena,"Carlsbad, CA"
"Assistant Claims Examiner (Onsite Irving, Texas)",Gainwell Technologies,"Irving, TX"
Electrical Engineer,Redbock - an NES Fircroft company,"Fort Lauderdale, FL"
Network Engineer,Nityo Infotech,"Overland Park, KS"
"Lead ICFR Analyst / SME  (Internal controls, Big 4, Accounting, Audit) - Remote & Onsite 1 Day a week- LOCALS ONLY","Zillion Technologies, Inc.","Vienna, VA"
Shop Technician,Thunderbird Services,"Victoria, TX"
Asset Management Associate,RETS Associates,"Emeryville, CA"
Mechanical Service Technician,Maxonic,"Novi, MI"
R&D Research Intern,CooperVision,"Pleasanton, CA"
Hiller Manufacturing Manager,Becker Wright Consultants,"Austin, Texas Metropolitan Area"
"Payroll Specialist (On-Site Hooksett, NH)",Merchants Fleet,"Hooksett, NH"
*CMC Steel SC Intern,CMC,"Cayce, SC"
Bender Operator,CMC,"Baton Rouge, LA"
Bilingual Customer Service Representative,"AvantGuard Monitoring Centers, A Becklar Company","Houston, TX"
SAP BO Admin - Windows Platform,Ventures Unlimited Inc,"Minneapolis, MN"
Retail Merchandising & Inventory Supervisor,Staples Stores,"Philadelphia, PA"
Cashier Associate,Southeastern Grocers,"St Augustine, FL"
Instrumentation Manufacturing Engineer Intern,Promega Corporation ,"Madison, WI"
Project Manager,,"Schaumburg, IL"
HRIS Analyst,Vaco,"Atlanta, GA"
National Team  Manager - Construction Materials Testing,Atlas,Atlanta Metropolitan Area
Manufacturing Associate,Engtal,"Beverly, MA"
Employee Relations Specialist,Social Capital Resources,"New York, NY"
Sr. Product Marketing Manager,"Sunrise Systems, Inc.","Newark, NJ"
Bearing Technician,SKF Group,"Ladson, SC"
Client Services Associate,Wellspring Financial Solutions of Raymond James,"Franklin, TN"
Tableau Developer,VDart,"Parsippany, NJ"
Assistant Project Manager,Wesbuilt Construction Managers,New York City Metropolitan Area
IT Support Level 2,BravoTECH,"Grapevine, TX"
Maintenance Supervisor II (Structures),Metropolitan Transportation Authority,"Brooklyn, NY"
"Windows Engineer (DMX files) :: Hybrid role in San Diego, CA - Locals Only",Exarca Inc.,"San Diego, CA"
Senior Project Manager - Operations Services,Qdoba Restaurant Corporation,"San Diego, CA"
Quality Engineer,Compass Tech International,"Marysville, OH"
Day Habilitation Specialist,The New York Foundling,"Brooklyn, NY"
Human Resources Generalist,California Health Care Foundation,"Oakland, CA"
Staff Accountant,Ledgent,"Sonoma, CA"
SAP APO /IBP,Cloudspire,United States
Medical Assistant,SOUTH SOUND ORAL MEDICINE,"Federal Way, WA"
Survey CAD Technician,Insight Global,"Southfield, MI"
Family Assistant,Pocketbook Agency,"Lafayette, CA"
Account Executive,CCS Construction Staffing,Greater Indianapolis
Business Development Representative (BDR) - Lead Finder,NowADays - Viral Marketing Experts,"San Diego, CA"
System Support Manager-Engineering & Construction Applications,Brightspeed,"Charlotte, NC"
Intern: Truck Financial Services Sales Support Analyst (Summer 2024),Volvo Financial Services,"Greensboro, NC"
"Field Service Technician, BU",Volvo Construction Equipment,"Sacramento, CA"
"Project Manager for global computer technology company in Redmond, WA.",OSI Engineering,"Redmond, WA"
Warranty Technician,Reviva Inc.,"Stillwater, MN"
Sales and Leadership Representative | Entry Level,Harcoza,"Las Vegas, NV"
Electrical Engineer,Axzora Resourcing,"Rockaway, NJ"
Marketing Coordinator/Executive Assistant - Marketing (Pharmaceuticals/Biotech/Medical Devices) HYBRID!!,Infotree Global Solutions,"Nutley, NJ"
Legal Associate (Hedge Fund),Social Capital Resources,New York City Metropolitan Area
Accounting Manager,Insight Global,"Virginia Beach, VA"
HVAC Residential Sales,"Air Solutions Heating, Cooling & Plumbing Inc.","Sand Springs, OK"
People Analyst,The Better Being Co.,"Salt Lake City, UT"
SQL Database Administrator,Planet Technology,"Cincinnati, OH"
Outreach Coordinator,Maricopa County,"Phoenix, AZ"
Learning & Development Facilitator,Maricopa County,"Phoenix, AZ"
 SAP PP MM/QM,SRS Consulting Inc,San Francisco Bay Area
Project Manager,Tarvos Talent,"Austin, Texas Metropolitan Area"
Sales Development Representative,Phreesia,Washington DC-Baltimore Area
Accounts Receivable Receipts Specialist,Associa,"Richardson, TX"
Retail Concept Designer,"Sunrise Systems, Inc.","Boston, MA"
AVP/VP of Advanced Analytics,Great American Insurance Group,"Cincinnati, OH"
Assistant Project Manager,Diamondpick,"Chicago, IL"
Freelance Copywriter,Envida Social,"Arizona, United States"
"Retail, Sales Associate",Crocs,"Charlotte, NC"
"Sr. Director, eCommerce Planning",Crocs,"Broomfield, CO"
Quality Assurance Engineer (323816),"IDR, Inc.","Memphis, TN"
Marketing Specialist,eTeam,"New York, United States"
Counter Sales Representative,Airgas,"Tigard, OR"
Tandem Developer,Compunnel Inc.,"New York, NY"
Sales Account Manager,Norco Industries,"Elkhart, IN"
MES/Ignition Consultant || Remote,CyberX Info System,United States
Workforce Strategy and Analytics Consultant (321719),"IDR, Inc.",United States
Remote Customs Compliance Specialist ,Insight Global,United States
Junior Project Manager,Diamondpick,"Jersey City, NJ"
Sr. Entertainment Account Manager,The Jonus Group,"Simi Valley, CA"
Commercial Insurance Account Manager,The Jonus Group,"Jacksonville Beach, FL"
"Architectural Specialties Manager, North East Job",Armstrong World Industries,United States
AS400 developer with Lawson ERP plotform,Softcom Systems Inc,"Weehawken, NJ"
License Specialist ,Apex Systems,"Deerfield, IL"
Pharmacy Clerk,Phoenix Children's,"Phoenix, AZ"
Automation Engineer,World Wide Technology,United States
Business Analyst,,"Schaumburg, IL"
Sr. Executive Communications Storyteller,Wimmer Solutions,"Redmond, WA"
General Dermatologist,Tandym Group,"Akron, OH"
Physical Therapist,MLee Healthcare Staffing and Recruiting,"Milwaukee, WI"
Operations Research,United States Marine Corps,"Arlington, VA"
Senior Accountant,Pave Talent,"Fenwick, WV"
Organization Change Management (OCM) Specialist,Gainwell Technologies,"Kentucky, United States"
Digital Marketing Specialist,B2BRevops.com,United States
 GCP Data Engineer (Only W2),TechWish,"Sterling, VA"
Sales Associate,United Bank,"Shepherdstown, WV"
Senior Intraoperative Monitoring Tech ,RUSH University Medical Center,"Chicago, IL"
Maintenance Director,Savant Senior Living,"Santa Monica, CA"
Contact Center Agent,Raise,"Phoenix, AZ"
Principal Solution Engineer,Cake,"New York, NY"
SIOP Demand Planner,CMC,"Irving, TX"
Rebar Fabricator,CMC,"Plant City, FL"
Human Resources Director,ION Clean Energy,"Boulder, CO"
Strategic & Sustainability Planner (9165),Southeastern Pennsylvania Transportation Authority (SEPTA),"Philadelphia, PA"
Customer Service Representative,Goosehead Insurance Agency,"San Antonio, Texas Metropolitan Area"
Patient Physician Services - Call Center Representative,Dexian,"Plano, TX"
Inventory Analyst,Babylist,United States
Network Engineer,Zufall Health,"Morris County, NJ"
Dental Assistant,Zufall Health,"West Orange, NJ"
Graphic Designer ,TekWissen ®,"Bolingbrook, IL"
Retail Print Solutions Associate,Staples Stores,"Raynham, MA"
Retail Sales Print & Marketing Associate,Staples Stores,"Huntsville, AL"
Retail Sales Technology Associate,Staples Stores,"Huntsville, AL"
Retail Sales Associate,Staples Stores,"Orlando, FL"
Retail Sales Print & Marketing Supervisor,Staples Stores,"Burien, WA"
Retail Sales Associate,Staples Stores,"Woburn, MA"
Retail Sales Print & Marketing Associate,Staples Stores,"Woburn, MA"
Retail Operations Supervisor,Staples Stores,"Philadelphia, PA"
Retail Sales Technology Supervisor,Staples Stores,"East Syracuse, NY"
Retail Print Production Lead,Staples Stores,"Williston, VT"
"Local City Driver / Forklift Operator, Part-time",ABF Freight,"Norfolk, VA"
Cashier Associate,Southeastern Grocers,"Leesburg, FL"
Manager III - OSP Network,Hawaiian Telcom,"Honolulu, HI"
National Team Manager - Special Inspection,Atlas,"Florida, United States"
"Senior Manager, Talent Programs",Ironclad,"San Francisco, CA"
Are you a Senior P&C Actuary seeking excellent Work Life Balance in New York?  - PR12616,Pryor Associates Executive Search,New York City Metropolitan Area
"Program Manager, Digital & CRM Marketing",Rivian,"Irvine, CA"
Fiber Construction Manager,Lorien,"Downers Grove, IL"
Senior Associate Research Scientist II,Planet Pharma,Raleigh-Durham-Chapel Hill Area
National Team  Manager - Construction Materials Testing,Atlas,"California, United States"
"Certified Home Health Aid (HHA), Hospice",Sutter Health,"Sacramento, CA"
Tax Investigation Specialist,Clear Start Tax,"Irvine, CA"
Sales Positions,Gilkey Window Company,"Cincinnati, OH"
Forensic Structural Engineer,Haag Global,Greater St. Louis
Electrical Assembler,Ingersoll Rand,"West Chester, PA"
Service Technician,Ingersoll Rand,"Indianapolis, IN"
Quality Engineer,Ingersoll Rand,"Sedalia, MO"
Sr. Infrastructure Project Manager,Staffing Technologies,"Seattle, WA"
Wind Technician I- Mt. Pulaski,Enel North America,"Illinois, United States"
National Team Manager - Special Inspection,Atlas,"California, United States"
"Wind Technician I- Tampa, KS",Enel North America,United States
Marketing and Sales Team Lead,Main Connections,"Thousand Oaks, CA"
Nurse - RN - LTC,Solomon Page,"Weirton, WV"
Nurse - RN - Med Surg,Solomon Page,"Parkersburg, WV"
Nurse - RN - Critical Care,Solomon Page,"Chattanooga, TN"
Nurse - CNA - LTC,Solomon Page,"Springfield, VT"
Fixed Income Data Modeler,Sedna Consulting Group,"Newark, NJ"
Sorter | 2nd Shift,Republic Services,"Peabody, MA"
"Senior Data Analyst - AI Training (Remote, Contract)",Outlier,United States
Mechanical Technician,Element Materials Technology,"Huntington Beach, CA"
Precision Cleaning Technician,Element Materials Technology,"Los Angeles, CA"
Commercial Helper II,Republic Services,"Chula Vista, CA"
Medicare Sales Representative,Texas Medicare Solutions (TMS),"San Antonio, Texas Metropolitan Area"
Technical Support Engineer (VoIP / NTR / IPC),"Resolution Technologies, Inc.",New York City Metropolitan Area
Senior Business Systems Analyst,TeamSoft,"Downers Grove, IL"
Data Entry Specialist,Aquent,San Francisco Bay Area
"Coordinator, Global Programs & Operations -*see application process",Indiaspora,United States
Technical Project Manager,Aditi Consulting,United States
Collections Analyst,iShare Inc.,United States
SAP BO Admin,Centraprise,"Minneapolis, MN"
"QC ANALYST (TOLLING BACK-OFFICE) | HARRISBURG, PA (HYBRID)","Columbus Technology Solutions, Inc.","Columbus, OH"
Maintenance Engineer,Altair,"Troy, MI"
Facility Maintenance,Million Air,"San Antonio, Texas Metropolitan Area"
Front of House Manager/AGM,The Lake Forest Club,"Lake Forest, IL"
Apigee developer,Diamondpick,"Jersey City, NJ"
Mtce Supv (Elev) II,Metropolitan Transportation Authority,"Brooklyn, NY"
Financial Consultant,Creed Agency,United States
Continuous Improvement Manager,DSJ Global,Greater Houston
Closeout Administrator,"Joeris General Contractors, LLC","San Antonio, TX"
Senior Sharepoint Developer,Krasan Consulting Services,United States
Interim M&A Attorney,"Major, Lindsey & Africa",United States
Data Team Lead,Storm2,"San Francisco County, CA"
Azure Fabric Architect,Nityo Infotech,United States
Sr. .NET Developer (BOCA RATON),Ledgent Technology,"Boca Raton, FL"
Events Coordinator,Elevation Talent Group,Greater Cleveland
Events & Communication Coordinator,City of Bondurant,"Bondurant, IA"
Social Media Manager - Entertainment Company ,Career Group,"Miami, FL"
IT Support Specialist,ProHealth Longevity,"Carpinteria, CA"
Financial Representative,Modern Woodmen of America,"Gainesville, FL"
Anaplan Solution Architect/Lead,MSRcosmos LLC,"New York, NY"
Budget Analyst,Maricopa County,"Phoenix, AZ"
Blockchain Security Researcher,Storm2,San Francisco Bay Area
Business Intelligence Analyst,Insight Global,"Fishers, IN"
Client Services Associate,International Search Consultants,"Wilmington, DE"
"2024-2025 Kindergarten Teacher - HOLLINGSWORTH, HOWARD ES",Clark County School District,"Las Vegas, NV"
Dental Assistant,Columbia University,"New York, NY"
Web Editor (Remote),Ledgent Technology,"Boca Raton, FL"
"Quality Analyst/QC Chemist (Exton, PA/Wilson, NC)",Infotree Global Solutions,"Exton, PA"
"Shred Utility - A Shift, 11pm-7am Sunday-Thursday ; Overtime as needed ; Make up to $23.56 an hour",Schreiber Foods,"Clinton, MO"
Vice President Internal Audit,Insight Global,New York City Metropolitan Area
Assistant Buyer,"JADE DRUG COMPANY, INC","Montgomery, TX"
Accounts Receivable Specialist,Harvey Nash,"Kansas City, KS"
Benefits Coordinator,Capgemini,"New York, NY"
Store Loss Prevention Investigator,SEPHORA,"Farmington, CT"
Visual Merchandiser,Primark,"Sunrise, FL"
NDT Technician,Pinnacle,"Houston, TX"
Strategic Integrator,U.S. Department of Labor,"Long Beach, CA"
Data Engineer,SKYZEN Technologies LLC,"Philadelphia, PA"
Outside Sales Associate,Airgas,"Houston, TX"
Cardiac Sonographer,Resource Logistics Inc.,"San Antonio, TX"
Ultrasound Technician (Cardio Multimodality/Sonographer) *New Hire Signing Bonus*,Austin Regional Clinic: ARC,"Austin, TX"
Electrical Estimator,A-C Electric Company,"Bakersfield, CA"
Payroll Specialist,PuzzleHR,United States
Utilities Manager,Insight Global,"Texas, United States"
Product Portfolio Manager,Tarter Farm and Ranch Equipment,"Dunnville, KY"
Sales Assistant (Full-Time),New Home Star,"The Villages, FL"
Fraud Operations Manager,Deserve,"West Valley City, UT"
Commercial Lines Producer-Small Market,The Jonus Group,"Wilmington, NC"
Commercial Lines Producer-Mid/Large Market,The Jonus Group,"Fayetteville, NC"
Data Scientist Job,Armstrong World Industries,United States
Project Controller,Alaska Energy Authority,"Anchorage, AK"
Regulatory and Government Affairs Manager,MAU Workforce Solutions,"Atlanta, GA"
Executive Assistant / Bookkeeper,Jcap Private Lending,"Costa Mesa, CA"
Pharmacy Clerk,Phoenix Children's,"Phoenix, AZ"
Vice President of Sales (Nautical),Pave Talent,United States
Cloud Product Manager,Akkodis,"Plano, TX"
Document Production Specialist | Health Insurance Industry (26550),Dahl Consulting,"Minnetonka, MN"
"Technical Implementation Specialist, Digital Engagement",Brightspeed,"Charlotte, NC"
Senior Product Manager,LHH,"Dallas, TX"
Consulting Manager,Neva Recruiting,"Illinois, United States"
Sanitation Associate I,Schwan's Company,"Salina, KS"
Dashboard BI Developer,Gainwell Technologies,"Pennsylvania, United States"
"Assistant Department (Onsite Atlanta, GA)",Gainwell Technologies,"Tucker, GA"
Apigee Developer,Diamondpick,"Jersey City, NJ"
Staff Accountant,United States Marine Corps,"Arlington, VA"
"Category Manager, Juice",Refresco,"Tampa, FL"
Admissions Advisor,University of Advancing Technology,"Tempe, AZ"
Fraud Prevention Officer (Data Position),Social Capital Resources,New York City Metropolitan Area
Line Worker OAN Temporary,Stemilt Growers,"Wenatchee, WA"
OEM Account Manager (3+ yrs of Sales and OEM Exp Req),#twiceasnice Recruiting,United States
Performance Management Analyst,Chicago Transit Authority,"Chicago, IL"
"M365 Cloud Engineer/ Architect- Cypress, CA - Must be US or GC",DKKD Staffing,"Cypress, CA"
Account Executive,Goosehead Insurance,United States
HVAC Technician,BuzzClan,"Newington, NH"
Azure Cloud Architect,Astreya,"Atlanta, GA"
Retail Cashier,Staples Stores,"Greenville, NC"
Retail Cashier,Staples Stores,"Staunton, VA"
Retail Sales Technology Supervisor,Staples Stores,"Williston, VT"
Retail Sales Print & Marketing Associate,Staples Stores,"Williston, VT"
Product Manager I,Coinbase,"Seattle, WA"
Customer Service Representative,"Magellan Financial & Insurance Services, Inc.",Erie-Meadville Area
Remote opportunity for Life Actuary - PR12613A,Pryor Associates Executive Search,United States
Hardware QC Engineer,Fortinet,"Sunnyvale, CA"
Procurement Consulting Manager,ProcureAbility,United States
Chief Engineer,Hard Rock Hotel San Diego,"San Diego, CA"
Senior Benefits Specialist,Golden State Foods,"Irvine, CA"
"Coordinator, Partnership Development",BSE Global,"Brooklyn, NY"
P&C Reinsurance Actuary  - PR12722,Pryor Associates Executive Search,New York City Metropolitan Area
"VP Agency Partnerships, Indies",MiQ,"New York, NY"
Construction Sales Engineer,Pacific Rim Mechanical,"Riverside, CA"
"Manager, Product Marketing Engineer (Battery)",SBT,"Austin, Texas Metropolitan Area"
Manager Clinical Trial Supply,Avadel Pharmaceuticals plc,United States
Construction Materials Tester,Granite Engineering Group Inc.,"Colorado Springs, CO"
API Support Engineer,Sunwest Bank,"Sandy, UT"
Warehouse Loader,NAPA Auto Parts,"Denver, CO"
Transportation Dispatcher,NAPA Auto Parts,"Indianapolis, IN"
National Team Manager - Special Inspection,Atlas,Greater Indianapolis
Production Supervisor - Swing Shift,"Romac Industries, Inc.","Bothell, WA"
CNC Maintenance Mechanic,Ingersoll Rand,"Alsip, IL"
Product Specialist,Ingersoll Rand,"Quincy, IL"
Service Technician - Centrifugal,Ingersoll Rand,"San Antonio, TX"
Financial Accountant,Ingersoll Rand,"Alsip, IL"
Procurement Specialist,Ingersoll Rand,"Monroe, LA"
Consultant Global Workforce Relations,Gulfstream Aerospace,"Savannah, GA"
Staff Accountant,Social Capital Resources,New York City Metropolitan Area
Nurse - RN - Med Surg,Solomon Page,"Chattanooga, TN"
Nurse - RN - Med Surg,Solomon Page,"Chattanooga, TN"
Nurse - RN - Med Surg,Solomon Page,"Chattanooga, TN"
Nurse - RN - Med Surg Tele,Solomon Page,"Evansville, IN"
Nurse - RN - CVICU,Solomon Page,"Poplar Bluff, MO"
Nurse - CNA - LTC,Solomon Page,"Appleton, WI"
Nurse - RN - LTC,Solomon Page,"Philadelphia, PA"
Nurse - RN - Med Surg,Solomon Page,"Wausau, WI"
Industrial/Roll Off Driver - CDL (B),Republic Services,"Arlington, TX"
Driver - CDL (B),Republic Services,"Los Angeles, California, United States"
3rd Shift Diesel Mechanic Maintenance Technician Advanced,Republic Services,"Wayne, MI"
Heavy Equipment Technician,Republic Services,"Aulander, NC"
Nurse - LPN - LTC,Solomon Page,"Wheeling, WV"
Heavy Equipment Operator | Transfer Station,Republic Services,"Middlesex, NJ"
Operations & Administrative Support Clerk,Republic Services,"Columbus, OH"
Field Service Technician,"Milner, Inc.","Deerfield Beach, FL"
Senior Copywriter (Beauty) - 79231,Swoon,United States
General Dentist,Henry Schein Dental Recruitment Services,"Toledo, Ohio Metropolitan Area"
P&C Actuary   PR12658A,Pryor Associates Executive Search,"Stamford, CT"
Recruiting Coordinator,Planet Pharma,"South San Francisco, CA"
Staff Accountant,LHH,Appleton-Oshkosh-Neenah Area
Recruiting Coordinator (contract),Planet Pharma,"South San Francisco, CA"
Equipment Engineer,Headway Technologies,"Milpitas, CA"
Franchise Business Coach,Prime IV Hydration & Wellness,"Colorado Springs, CO"
Social Services Coordinator,Galveston-Houston Immigrant Representation Project,"Houston, TX"
Casino Player Development Director,Emerald Queen Hotel & Casinos,"Tacoma, WA"
Sr Python Developer,Siri InfoSolutions Inc,United States
News Reporter,BizWest,"Colorado, United States"
Business Analyst,Metropolitan Transportation Authority,"Brooklyn, NY"
Commercial Sales Manager - SE,SolarEdge Technologies,"Orlando, FL"
Associate Project Manager Series,Metropolitan Transportation Authority,"New York, NY"
Assistant Community Manager,AOG Living,"Spring, TX"
Part Time Sales Supervisor,Velvet by Graham & Spencer,"Los Angeles, CA"
Cost Accountant,ITRS Recruiting Services,"El Cajon, CA"
Lead Java Fullstack Developer,Photon,"Rocklin, CA"
CNC Programmer,North Shore Steel,"Houston, TX"
Editorial Assistant,The Spokesman-Review,"Spokane, WA"
Anti-Money Laundering Analyst (AML),Forrest Solutions,"San Antonio, Texas Metropolitan Area"
DevSecOps Engineer,Aditi Consulting,United States
Registered Nurse (Bronx | 28 Hours/Week | Part-Time),The New York Foundling,"Bronx, NY"
"Technical Trainer (Carmel, IN or Dakota Dunes, SD)",Allied Solutions LLC,"Carmel, IN"
Senior Information Technology Auditor,Hilltop Holdings,"Dallas, TX"
Chief Executive Officer,Berkeley Search Consultants,"Walnut, CA"
Multimedia/Interactive Video & Graphic Designer (Marketing),Advanced Marketing Strategies,"San Diego, CA"
Oracle Cloud Infrastructure,IPolarity,"Atlanta, GA"
Senior Coach - Volvo Performance System (VPS),Volvo Group,"Hagerstown, MD"
Assistant Banking Center Manager,First Federal Bank of Kansas City,"Raytown, MO"
"Platform Program Manager, Enterprise & Wholesale",Brightspeed,"Charlotte, NC"
Project Manager,Panorama Consulting Group,Denver Metropolitan Area
Oracle Finance  Fusion Lead,TRUGlobal,"San Jose, CA"
Administrative Assistant,Infotree Global Solutions,"Hillsboro, OR"
Django Engineer,Strategic Employment Partners (SEP),United States
Management Assistant,Maricopa County,"Phoenix, AZ"
FPGA Development Engineer,North Star Scientific Corporation,"Oklahoma City, OK"
Senior Cloud Engineer,KRG Technologies Inc.,"Columbus, OH"
Registered Nurse,AccentCare,"Philadelphia, PA"
Embedded Engineer,Entegee,"Wichita, Kansas Metropolitan Area"
"2024-2025 Project Facilitator, Early Childhood Education",Clark County School District,"Las Vegas, NV"
Sr. Loss Control Specialist II,"Cadence Insurance, A Gallagher Company","Baton Rouge, LA"
Gas Engineer II,Spire,"St Louis, MO"
Facilities Representative,Insight Global,"Bentonville, AR"
Retirement Benefits Coordinator,SearchPointNY,"New York, NY"
Corporate Receptionist,Addison Group,"Chicago, IL"
"Senior Government Operations Analyst, Tariffs",Lumen Technologies,United States
Business Service Technician,Lumen Technologies,"Boulder City, NV"
"Staff Attorney, Eviction Defense – Douglas County Office",Legal Aid Services Of Oregon,"Oregon, United States"
Emergency Medicine,Piedmont,"Atlanta, GA"
Regional Vice President - Michigan,Concourse Financial Group,"Michigan, United States"
"Project Architect, Mixed-Use",DLR Group,"Los Angeles, CA"
"Retail, Sales Associate T",Crocs,"Orlando, FL"
"Retail, Team Lead Sales",Crocs,"Miami, FL"
Events Management Associate ,Dexian,"New York, NY"
"Automotive Window Tint, PPF, and Vehicle Wrap installer",Tint World® Automotive Styling Centers™,"Columbus, OH"
Remote - IoT Developer,Neumeric Technologies Corp,New York City Metropolitan Area
Senior Signal Integrity Engineer,AirBorn Inc.,"Austin, Texas Metropolitan Area"
Insurance – Senior Claims Advocate - DC12727,Pryor Associates Executive Search,"Nassau County, NY"
Treasury Specialist,Cornerstone Home Lending,"Houston, TX"
Sales Manager,New Home Star,"New Orleans, LA"
Senior Graphic Designer - Presentations,HARMAN International,"New York, NY"
Assistant Underwriter,Vaco,"New York, NY"
Food Safety & Quality (FSQ) Supervisor,Schwan's Company,"Salina, KS"
People Operations Manager,A-C Electric Company,"Bakersfield, CA"
Administrative Assistant,Evrhire,"West Palm Beach, FL"
Senior Product Manager,LHH,Dallas-Fort Worth Metroplex
Payroll Clerk,"West Virginia Paving, Inc.","Dunbar, WV"
Oracle Apps Techno-Functional HCM,Lenora Systems Inc,United States
Sales Associate,United Bank,"Wheeling, WV"
Applications Engineer- CAD,Sunrun,United States
"Sr QA Analyst, Claims",Healthfirst,"North Carolina, United States"
Controller,Sutker Moran,Greater Chicago Area
SRE/DevOps Support Engineer (W2 Only),"Infotech Spectrum Inc,","Chicago, IL"
Electrical Engineer Consultant,Sargent & Lundy,"Chattanooga, TN"
Network Engineer Senior,CooperVision,"Gilbert, AZ"
Rebar Fabricator- 1st Shift,CMC,"Plant City, FL"
Real Estate Acquisition Consultant (Remote),"House Buyers of America, Inc.","Plano, TX"
National Team  Manager - Construction Materials Testing,Atlas,"North Carolina, United States"
Digital Content Specialist,Forbes Technical Consulting,United States
"Director, DevOps, Scientific American",Scientific American,"New York, United States"
Franchise Training Coordinator,Generator Supercenter,"Tomball, TX"
Retail Sales Print & Marketing Associate,Staples Stores,"Novi, MI"
Retail Sales Technology Associate,Staples Stores,"Newington, NH"
Retail Operations Supervisor,Staples Stores,"Williston, VT"
Bagger,Southeastern Grocers,"St Augustine, FL"
Registered Nurse,TalTeam,"Bronx, NY"
Associate,"Amundsen Davis, LLC","Cleveland, OH"
Sales Representative,Reign Acquisitions,"Victorville, CA"
National Team  Manager - Construction Materials Testing,Atlas,"Washington, United States"
EXPAT Payroll Support Specialist (Bilingual Korean),Employbridge,"Commerce, GA"
Accounting Manager,Family Office,"San Francisco, CA"
National Team Manager - Special Inspection,Atlas,"North Carolina, United States"
HR Manager,Ingersoll Rand,"West Chester, PA"
Rotary Assembler - 1st Shift,Ingersoll Rand,"Mocksville, NC"
Materials Manager,Ingersoll Rand,"West Chester, PA"
RS Aftermarket Expediter Assoc,Gulfstream Aerospace,"Appleton, WI"
Operations Engineer I,Gulfstream Aerospace,"Savannah, GA"
Business Intelligence Developer,Diverse Lynx,United States
SAP Payroll Consultant,Oak Technologies INC,United States
Administrative Professional 2 - 20051120,ODNR - Division of Forestry,"Columbus, OH"
Spanish Speaking Bilingual Entry Level Insurance Sales (2966),National General,"Austin, TX"
AEM Developer ,Vertex Elite LLC,"Austin, Texas Metropolitan Area"
Nurse - RN - Emergency Medicine - Pediatric,Solomon Page,"San Diego, CA"
Nurse - RN - PCU - Pediatrics,Solomon Page,"Los Angeles, CA"
Nurse - LPN - Outpatient,Solomon Page,"Seattle, WA"
Nurse - CNA - LTC,Solomon Page,"Appleton, WI"
"Mission, Culture, & Strategy Programs Assistant - Long Term Sub","Sacred Heart Schools, Atherton","Atherton, CA"
Driver - CDL (B),Republic Services,"Huntington, WV"
Driver Trainee,Republic Services,"Marion, IL"
"Diesel Mechanic | Entry Level Technician | $3,000 Bonus",Republic Services,"Marietta, PA"
Commercial Helper I,Republic Services,"Chula Vista, CA"
Nurse - RN - ICU,Solomon Page,"Dickson, TN"
Receiving Technician ES,Republic Services,"Pecos, TX"
Senior Risk Analytics Associate,Social Capital Resources,"New York, NY"
Laboratory Assistant (Part-Time),Element Materials Technology,"North Liberty, IA"
Appointed Actuary - PR12695,Pryor Associates Executive Search,"Connecticut, United States"
Senior Software Engineer,aKUBE,"California, United States"
Production Coordinator,Satomi Kawakita Jewelry,"New York, NY"
P&C Assistant Actuary - PR12677A,Pryor Associates Executive Search,"Stamford, CT"
"Project Manager, Construction",ARCO/Murray,"Fort Worth, TX"
"Director, Systems Architect (PMIC)",SBT,San Francisco Bay Area
Senior Internal Wholesaler,Social Capital Resources,"New York, NY"
Traveling Superintendent,Diamond Peak Recruiting,Atlanta Metropolitan Area
AWS Cloud Architect,"Veridian Tech Solutions, Inc.","Boston, MA"
Senior Scientist I (Assay Development),GigaGen Inc,"San Carlos, CA"
"Assistant Claims Examiner (Onsite Irving, Texas)",Gainwell Technologies,"Irving, TX"
"Assistant Claims Examiner (Remote, USA)",Gainwell Technologies,"Idaho, United States"
Assistant Claims Examiner (Remote USA),Gainwell Technologies,"Nevada, United States"
"Director, Epitaxy Process Engineering",SBT,"Phoenix, AZ"
People Operations Manager,Pave Talent,"Santa Monica, CA"
"System Administrator, Level 2 Support",Bayside Solutions,"Houston, TX"
Court Executive 2B,New Jersey Courts,"Paterson, NJ"
Client Account Specialist,JNBA Financial Advisors,"Minneapolis, MN"
Seeking Hosts For Nonviolence Now Podcast,Pace e Bene Nonviolence Service & Campaign Nonviolence,United States
Senior Director for Collaborative Fundraising Strategy,,"Seattle, WA"
Administrative Assistant,Coding With Kids,"Seattle, WA"
"Field Sales Account Executive, Portland/Vancouver",CooperVision,United States
ARIS Developer,Siri InfoSolutions Inc,"San Antonio, TX"
Quality Engineer III (36485),Pegasus Steel (USA),"Ladson, SC"
Executive Chef,Pinheads,Greater Indianapolis
Material Planner (40/Hr),Zobility,"York, NE"
Licensed Professional Counselor,BrightSpire Health,"Beaverton, OR"
Principal Platform Engineer,Cake,"New York, NY"
Unique Remote opportunity for Annuity Actuary - PR12659A,Pryor Associates Executive Search,United States
Quality Engineer ( Engineering & Automotive),KYYBA Inc,"Troy, MI"
AWS CLOUD SECURITY DEVELOPER,Exarca Inc.,"Atlanta, GA"
Patient Representative,Zufall Health,"West Orange, NJ"
Cashier Associate,Southeastern Grocers,"Lakeland, FL"
HubSpot Developer & CRM Manager,"Milner, Inc.","Deerfield Beach, FL"
Consulting Manager,Neva Recruiting,"New York, United States"
Business Development and Commercial Sales Manager,Parnell Veterinary Pharmaceuticals,"Overland Park, KS"
Vehicle Operations Specialist,Rivian,"Chelsea, MA"
National Team Manager - Special Inspection,Atlas,"Texas, United States"
Staff Test Engineer,JW Industrial Partners ,"San Fernando, CA"
Epic Beaker Application Analyst,Iconma LLC,"Corvallis, OR"
Store Delivery Driver,NAPA Auto Parts,"Austin, TX"
Warehouse Associate,Domino's,"Huron Charter Township, MI"
Construction Superintendent,Swinerton,"Houston, TX"
eCommerce Analyst Associate,Powerplay Retail™,"Mendota Heights, MN"
Creative Director,SpaDerma,"Chicago, IL"
Senior Software Engineer,Bracco Medical Technologies,"Eden Prairie, MN"
Account Manager - Light Industrial,Ingersoll Rand,"Shrewsbury, PA"
Service Technician,Ingersoll Rand,"Elmhurst, IL"
Service Technician (Denver Metro Area),Ingersoll Rand,"Aurora, CO"
Service Technician,Ingersoll Rand,"Dallas, TX"
CNC Machine Operator,Ingersoll Rand,"Springfield, MO"
Order Management Specialist,Ingersoll Rand,"Quincy, IL"
4* Renaissance Marriott Seeks a Talented Chef de Partie!,HRC International,"Toledo, OH"
P&C Actuarial Director  - PR12713,Pryor Associates Executive Search,"Chicago, IL"
Universal Banker,"Dubuque Bank & Trust, a division of HTLF Bank","Clive, IA"
Nurse - RN - LTC,Solomon Page,"Millville, NJ"
Nurse - LPN - LTC,Solomon Page,"Hadley, MA"
Nurse - CNA - LTC,Solomon Page,"Exeter, NH"
Nurse - RN - Med Surg,Solomon Page,"Nashville, TN"
Territory Sales Executive - Environmental Solutions,Republic Services,"San Diego, CA"
Driver | Commercial Front Load | CDL A or B,Republic Services,"New Brunswick, NJ"
Lead Sorter,Republic Services,"Cedar Rapids, IA"
Lead Roll Off Driver - CDL (B),Republic Services,"Cedar Falls, IA"
Associate Metallurgist,Element Materials Technology,"Huntington Beach, CA"
Reinsurance Pricing Actuary  - PR12708,Pryor Associates Executive Search,"New Jersey, United States"
Business Analyst 4,"V-Soft Consulting Group, Inc.","Richmond, VA"
Photolithography Manufacturing Engineer,Headway Technologies,"Milpitas, CA"
Assistant Controller,Vyriad,"Rochester, MN"
Dotnet Developer,AllSTEM Connections,"Columbus, Ohio Metropolitan Area"
Lead Preschool Teacher (PEL),Mary Crane Center,"Chicago, IL"
Budget Analyst,Texas Department of Information Resources,"Austin, Texas Metropolitan Area"
"Sales Representative I, Pain Interventions - San Antonio, TX",Medtronic,"San Antonio, TX"
Office Accountant/Manager,Insight Global,"Omaha, NE"
Quality Engineer/ Test Lead,Diverse Lynx,"Minneapolis, MN"
Retail Property Manager,Vestar,"Long Beach, CA"
Account Executive,DASCO Home Medical Equipment,"Youngstown, OH"
Software Engineer,Ascendion,United States
Analytics Engineer,Switch RCM,United States
UiPath Administrator /Infrastructure,iTech US Inc,United States
Equipment Maintenance Supervisor,Headway Technologies,"Milpitas, CA"
CMMS,ML OUTSOURCING SERVICES PRIVATE LIMITED,"Raritan, NJ"
Clinical Advisor,VeeAR Projects Inc.,"Bethesda, MD"
Front Desk Support,Apexon,"Olympia, WA"
Maintenance Supervisor,"Madix, Inc","Eclectic, AL"
Partnership Staff Accountant,SearchPointNY,"New York, NY"
General Dentist,Henry Schein Dental Recruitment Services,"Attleboro, MA"
Display Software Engineer (16939),H10 Capital,"Redmond, WA"
Litigation Associate,Above the Bar,Los Angeles Metropolitan Area
Mid-Level Attorney,Doyle Dennis LLP Trial Lawyers,"Houston, TX"
Dental Receptionist,Columbia University,"New York, NY"
Packaging Operator,Natural Factors,"Monroe, WA"
Lead Device Design Engineer (Discrete Power),SBT,San Francisco Bay Area
"Change Control Specialist, NA ",Vantage Data Centers,"Alpharetta, GA"
Manager Part-Time Clarksville WMT,Claire's,"Clarksville, TN"
General Dentist,Henry Schein Dental Recruitment Services,Buffalo-Niagara Falls Area
"HIT Marketing, Sr Manager",Exact Sciences,"Madison, WI"
New Home Sales Associate - Hillsborough County,Richmond American Homes,"Apollo Beach, FL"
Technical Scrum Master,Noblis,"Philadelphia, PA"
HRIS Analyst | Remote,Vaco,"Miami-Dade County, FL"
Ancillary Application Analyst,HCTec,United States
Sales Account Executive,Epsilon,"Salisbury, NC"
Executive Assistant (Southeast Platform),Acrisure,"Leesburg, FL"
Workers' Compensation Paralegal II,"AmTrust Financial Services, Inc.","Boca Raton, FL"
Expert React Frontend Developer,RecruitInflux,"Phoenix, AZ"
Smartsheet Specialist,"Del Oro Consulting, Inc.",United States
Technical Analyst,Inductive Automation,"Folsom, CA"
Vetco Veterinary Assistant P/T,Petco,"Foxborough (Foxboro), MA"
Senior Sales Associate - Keyholder,Petco,San Diego Metropolitan Area
Retail Customer Service Specialist,DICK'S Sporting Goods,"Columbia, MD"
Social and Content Strategy Manager,GH Advertising,"Pittsburgh, PA"
Regional Sales Manager (B2B exp selling services req OTE 100-120k+),#twiceasnice Recruiting,"Springfield, Massachusetts Metropolitan Area"
Sr. Product Manger,Highridge Medical,"Westminster, CO"
Insurance Personal Lines Associate Agent  - DC12734,Pryor Associates Executive Search,"Queens, NY"
Information Technology Technician,Stavis Seafoods,"Boston, MA"
Electrical Estimator,Switch Electric,"Phoenix, AZ"
SAP HCM PAYROLL CONSULTANT,CloudIngest,United States
Salesperson,"Kirsch Transportation Services, Inc.","Avon, MN"
Manufacturing Engineer,Leddy Group,"Portsmouth, NH"
Construction Project Manager,BREITLING,"Wilton, CT"
Electrical Design Engineer,Akkodis,"Richmond, VA"
Hygienist - Full Time,North American Dental Group (NADG),"Palm Bay, FL"
Nanofabrication Engineer - Open Rank-EOSL-Onsite,Georgia Tech Research Institute,"Atlanta, GA"
Real Estate Acquisition Consultant (Remote),"House Buyers of America, Inc.","Denver, CO"
Registered Nurse,Integrated Pain Solutions,"Fairfield, OH"
 Information Technology Epic Beaker Application Analyst 2,Smart IT Frame LLC,United States
Associate Engineer -- Distributed Energy Resources (DER),Sargent & Lundy,"Wilmington, DE"
Remote Health Actuarial Analyst - PR12718,Pryor Associates Executive Search,United States
Salesforce Lead/Manager,Tech One IT,"Phoenix, AZ"
Remote P&C Reinsurance Pricing Actuary - PR12728A,Pryor Associates Executive Search,United States
Litigation Paralegal,Bochner PLLC,United States
"Director, Design & Construction ",20/20 Foresight Executive Talent Solutions,"Denver, CO"
Video Monitoring Specialist,"AvantGuard Monitoring Centers, A Becklar Company","Houston, TX"
Retail Merchandising & Inventory Supervisor,Staples Stores,"Cincinnati, OH"
Retail Sales Print & Marketing Associate,Staples Stores,"Newington, NH"
Retail Sales Technology Supervisor,Staples Stores,"Clemmons, NC"
Retail Sales Print & Marketing Supervisor,Staples Stores,"Philadelphia, PA"
Oracle Database Administrator,GalaxE.Solutions,United States
Wealth Advisor,Tanglewood Total Wealth Management,"Houston, TX"
Company Driver,,Detroit Metropolitan Area
Staff Technical Program Manager,Coinbase,"New York, NY"
Finance & Administrative Coordinator,Arizona Small Business Association - ASBA,"Phoenix, AZ"
National Team  Manager - Construction Materials Testing,Atlas,"Colorado, United States"
Audit Associate,Assurance Dimensions,"Tampa, FL"
Azure Infra Lead,Siaraa,"Atlanta, GA"
Environmental Project Manager,Insight Global,"Oakland, CA"
Executive Assistant,The Davis Companies,"Norcross, GA"
SAP ISU Techno- Functional Consultant,Resolve Tech Solutions,United States
Vehicle Operations Specialist,Rivian,"Colorado Springs, CO"
Assembler (19/hr),Zobility,"Goleta, CA"
Site Logistics Coordinator,TEKGENCE INC,United States
Research Associate,"Software Guidance & Assistance, Inc. (SGA, Inc.)","South San Francisco, CA"
Store Delivery Driver,NAPA Auto Parts,"Denver, CO"
Delivery Driver (Part Time),NAPA Auto Parts,"Jefferson, LA"
Equipment Engineer,Insight Global,"Phoenix, AZ"
Associate Attorney,"MANDARICH LAW GROUP, LLP",Greater St. Louis
Business System Analyst IT Applications -merchandise planning,TekWissen ®,"Reynoldsburg, OH"
Avionics/Elec Tech II - Retrofit,Gulfstream Aerospace,"Savannah, GA"
Financial Advisor,"Magellan Financial & Insurance Services, Inc.",Louisville Metropolitan Area
Data Engineer,Robert Half,United States
Financial Counselor,Solomon Page,"San Diego, CA"
"Sales Executive (Learning, Events, Leadership Development)",,"New York, NY"
Nurse - RN - ICU,Solomon Page,"Nashville, TN"
Nurse - LPN - LTC,Solomon Page,"St Albans, VT"
Nurse - RN - Emergency Department / ED,Solomon Page,"Penn Yan, NY"
Nurse - CNA - LTC,Solomon Page,"Appleton, WI"
Nurse - CNA - LTC,Solomon Page,"Bennington, VT"
Recruitment Coordinator,Planet Pharma,"South San Francisco, CA"
Nurse - RN - CVICU,Solomon Page,"Nashville, TN"
Nurse - RN - Med Surg,Solomon Page,"Nashville, TN"
Nurse - RN - Med Surg,Solomon Page,"Wausau, WI"
Residential Truck Driver - CDL (B) - ASL,Republic Services,"Phoenix, AZ"
Heavy Equipment Technician,Republic Services,"Bartow, FL"
Driver - CDL (B),Republic Services,"Bend, OR"
Sports Minded Sales Representative,Alpha Millennial Group,"Houston, TX"
Junior Project Manager,Element Materials Technology,"Huntsville, AL"
Diesel Mechanic | Entry Level Technician,Republic Services,"Tinton Falls, NJ"
Jr Business Analyst,Asta Crs Inc,"Jersey City, NJ"
"Manager, Software Engineering - SaaS",MoTek Technologies,"San Jose, CA"
Senior Solutions Architect (NYC),"Resolution Technologies, Inc.",New York City Metropolitan Area
Human Resources Coordinator,Team San Jose,"San Jose, CA"
Business Analyst III,L.A. Care Health Plan,"Los Angeles, CA"
Transitional Care Services Community Health Worker II,L.A. Care Health Plan,"Los Angeles, CA"
Life & Annuity Actuarial Associate - PR12706,Pryor Associates Executive Search,"Connecticut, United States"
Looker Developer,Steneral Consulting,"Basking Ridge, NJ"
firewall engineer,Cerebra Consulting Inc,United States
Health Actuary  - PR12664A,Pryor Associates Executive Search,"Philadelphia, PA"
Custodial Supervisor,"SBM Management Services, LP","Raymond, OH"
Consultant,Primed Business Consulting LLC,Dallas-Fort Worth Metroplex
Regulatory Affairs & Quality Assurance Lead,TriArm Therapeutics,San Francisco Bay Area
Mechanical Engineer,"JD Fields & Company, Inc.","Houston, TX"
Insurance Broker,,"Austin, TX"
Professional Land Surveyor (PLS),PBS Engineering and Environmental,"Walla Walla, WA"
Continuous Improvement Engineer,BriskHeat Corporation,"Columbus, OH"
Construction GL Underwriters (2),,"Dallas, TX"
Azure Cloud Engineer,Scion Staffing,"Oakland, CA"
Associate,,Killeen-Temple Area
Land Acquisitions Agent,Pape-Dawson Engineers,"Plano, TX"
Program Therapist,Clearfork Academy,"Fort Worth, TX"
"Sr. Automation Engineer, Delta V",BioMarin Pharmaceutical Inc.,"Novato, CA"
District Manager,Advance Auto Parts,"Sioux Falls, SD"
SOC Security Analyst/Engineer,Akidev Corporation,"Fremont, CA"
Commercial / Business Litigation Attorney,Ascendion,"Houston, TX"
Clinical Manager - Nurses Wanted!,Accordance Search Group,Greater Philadelphia
Implementation Senior Project Manager,STChealth,"Phoenix, AZ"
Lab Technician 3rd shift 10:00pm - 6:30am,Zoetis,"White Hall, IL"
P&C Actuarial Consultant - PR12730,Pryor Associates Executive Search,"San Francisco, CA"
Project Manager,Brooksource,United States
Building Enclosure Engineer/Architect,LVI Associates,San Francisco Bay Area
Content Strategist,Solomon Page,"El Segundo, CA"
General Manager,Gerber Collision & Glass,"Rockford, IL"
Production Planner,STERIS,"Eden Prairie, MN"
Packaging Group Leader - Monday-Wednesday DAY Shift,Thermo Fisher Scientific,"Cincinnati, OH"
Automated Equipment Operator- Night Shift,WITRON Group,"Rialto, CA"
Customer Marketing Manager (Hybrid/Columbia MD,Tenable,"Columbia, MD"
Materials Coordinator - Ethanol Plant,Valero,"Albion, NE"
Manufacturing Upstream Lead,Thermo Fisher Scientific,"Plainville, MA"
Technical Writer III,Thermo Fisher Scientific,"Carlsbad, CA"
Senior Technical Sourcing Specialist,Exact Sciences,"Madison, WI"
Clerk II,"AmTrust Financial Services, Inc.","Irvine, CA"
Client Relationship Executive,CohnReznick LLP,"Los Angeles, CA"
Learning and Development Intern,Noblis,"Reston, VA"
Experience Product Manager Associate Director,Exact Sciences,"Madison, WI"
Analyst,Trans Advantage®,"Fenton, MO"
Associate Director Market Research Competitive Intelligence,Planet Pharma,"Fairfield County, CT"
Territory Manager,OneCoast,"Naperville, IL"
Park Team Lead,Sky Zone,"Beaverton, OR"
Senior Accounting Manager,Strategic Employment Partners (SEP),"Irving, TX"
Electrician,Hawaii State Department of Education,"Honolulu, HI"
Onsite Data Analyst || USC ONLY || FL LOCALS,USCTEK - Recruiting & Staffing,"Jacksonville, FL"
Senior Network Operations Engineer,SBA Communications,"Boca Raton, FL"
2024 Summer Sales Intern,Polymershapes,"Elkhart, IN"
Program Specialist (Food Dietitian),Hawaii State Department of Education,"Honolulu, HI"
Certified Public Accountant,"Campbell & Company, Wealth Advisors & Certified Public Accountants","Spring Hill, FL"
Lending Specialist,Calculated Hire,"Milwaukee, WI"
Hardware Engineering Technical Leader ,Cisco,"San Jose, CA"
Graduate Business Analyst,EquiLend,"New Jersey, United States"
Assistant Office Manager,North American Dental Group (NADG),"Pickerington, OH"
Product Manager,"LanceSoft, Inc.","Pleasanton, CA"
TIBCO BWCE Lead,SAGE IT ,"Irving, TX"
Administrative Assistant,Forrest Solutions,"Tulsa, OK"
"Process Engineer Intern - Carlsbad, CA",CooperVision,"San Diego, CA"
Project Manager,WorkNovas Technologies,"Schaumburg, IL"
Sales Development Representative,Rentable,United States
Officer- Regulatory Affairs & Intellectual Property,Rubicon Research Pvt Ltd,"East Windsor, NJ"
Staff Accountant,ASQ - World Headquarters,"Milwaukee, WI"
Lineman -Journeyman,Evergy,"Wichita, KS"
Fullstack Developer,"Miracle Software Systems, Inc","Bentonville, AR"
"Technician I, Lab",ZEISS Group,"St Cloud, MN"
Dynamics 365 Business Analyst (NO CTC) ,Maxonic,"Los Angeles, CA"
Application Support Specialist,Sunwest Bank,"Meridian, ID"
Patient Representative,Zufall Health,"Bridgewater, NJ"
Mainframe z/OS administrator,Tata Consultancy Services,"Erlanger, KY"
Senior Vice President of Assets Management ,Anderson Trucking Service,"St Cloud, MN"
"Associate or Senior Editor, Nature Reviews Endocrinology",Nature Portfolio,"New York, United States"
Assistant Store Manager,Staples Stores,"Enid, OK"
Retail Sales Technology Supervisor,Staples Stores,"Philadelphia, PA"
Retail Inventory Specialist,Staples Stores,"Williston, VT"
Retail Sales Associate,Staples Stores,"Williston, VT"
Counsel,VIZIO,"New York, NY"
Fund Controller,CBRE,New York City Metropolitan Area
"Software Engineer for global computer software company in Redmond, WA.",OSI Engineering,"Redmond, WA"
Design Engineer,A.G. KUNZ LLC,"San Francisco, CA"
Warehouse Coordinator,Rivian,"Seattle, WA"
Superintendent,Taylor Morrison,"Sarasota, FL"
"Procurement Category Manager, IT",Randstad USA,"Atlanta, GA"
"Local City Driver / Forklift Operator, Full-time",ABF Freight,"Baltimore, MD"
Store Delivery Driver (Part time),NAPA Auto Parts,"Brunswick, MD"
Customer Service Manager,Imperial Dade,"Denver, CO"
People Services Coordinator,Justworks,"New York, NY"
Factory Engineering Project Manager,,"Amarillo, TX"
Optician,"A MATTER OF SIGHT, LLC","Chicago, IL"
"Wind Technician I- Allen, NE",Enel North America,United States
Senior Cloud Application Support Engineer (NYC),"Resolution Technologies, Inc.",New York City Metropolitan Area
National Practice  Manager - Construction Materials Testing,Atlas,"Texas, United States"
Associate Attorney,"MANDARICH LAW GROUP, LLP","Springfield, MO"
Payroll Specialist ,Truity Partners,"West Bend, WI"
P&C Assistant Actuary - PR12700,Pryor Associates Executive Search,"Chicago, IL"
"Staff Nurse, (RN), Advanced",Satellite Healthcare / WellBound,"Folsom, CA"
Director of Educated Workforce Strategy,Michigan College Access Network,"Lansing, MI"
Nurse - RN - PCU,Solomon Page,"Frankfort, KY"
Nurse - RN - Med Surg,Solomon Page,"Bluffton, IN"
Nurse - CNA - LTC,Solomon Page,"Bennington, VT"
Nurse - RN - LTC,Solomon Page,"Farmington, ME"
Nurse - CNA - LTC,Solomon Page,"St Johnsbury, VT"
Nurse - LPN - LTC,Solomon Page,"Exton, PA"
Nurse - LPN,Solomon Page,"Oswego, NY"
Maintenance Shop Labor,Republic Services,"Tinton Falls, NJ"
Sr. Procurement Data Analyst,Republic Services,"Phoenix, AZ"
AI Training for Nuclear Physics,Outlier,United States
"Project Manager, Construction",ARCO/Murray,"San Antonio, TX"
ABBYY OCR Engineer/Abbyy Flexi Capture/Kofax Jr. Developer/Kofax Sr. Developer,Arkhya Tech. Inc.,United States
Vice President Compliance,Social Capital Resources,New York City Metropolitan Area
Sr. iOS Developer,Five Pack,Dallas-Fort Worth Metroplex
Accounts Payable Manager,LHH,"Tampa, FL"
Application Administration Team Lead,First PREMIER Bank/PREMIER Bankcard,"Sioux Falls, SD"
Freelance Web Project Manager,Solomon Page,"New York, NY"
Customer Service Representative,Goosehead Insurance Agency,"Las Vegas, NV"
P&C Reserving Actuary  - PR12724,Pryor Associates Executive Search,"Stamford, CT"
Territory Sales Manager - Memphis,"ClearCaptions, LLC","Memphis, TN"
Swim Instructor,5 Cities Swim School,"Arroyo Grande, CA"
Software Quality Assurance Analyst,Elite WorkForce Inc,"Atlanta, GA"
Facilities Coordinator I,Partnership HealthPlan of California,"Redding, CA"
"Intern, Clinical Research (Operations)",axogen,"Tampa, FL"
Technical Support Assistant Manager,CIMON,"Henderson, NV"
Brand Ambassador,Elite SD Inc.,"San Diego, CA"
Healthcare proofreader ,Robert Half,Greater Minneapolis-St. Paul Area
Middle Office Manager,Oloop Technology Solutions,United States
Mental Health Therapist,,"Albuquerque, NM"
Paralegal,Communities Rise,"Seattle metropolitan area, WA"
Supervisor/Manager Part-Time,Claire's,"Richmond, IN"
"Part-time Supervisor/Clay Terrace Mall, Carmel, IN",Claire's,"Carmel, IN"
Supervisor/Manager Part-Time,Claire's,"Meridian, ID"
Supervisor/Manager Part-Time,Claire's,"Sevierville, TN"
Staff Quality Assurance Engineer,Thermo Fisher Scientific,"West Virginia, United States"
Master Maint Mech,Genentech,"Vacaville, CA"
Senior Scientist,Indotronix Avani Group,"Durham, NC"
Chemical Operator I (Rotating Swing Shift),EMD Electronics,"Martin, SC"
Maintenance Technician 1st shift,Zoetis,"Lincoln, NE"
Application Developer Supervisor - HYBRID,Ohio Department of Agriculture,"Reynoldsburg, OH"
"Staff Accountant, Tax",Exact Sciences,"Madison, WI"
DISABILITY INSURANCE PROGRAM REPRESENTATIVE,Employment Development Department,"Sacramento County, CA"
Senior R&D/TS&D Technician,Dow,"Auburn, MI"
Sales Account Executive,Epsilon,"Salisbury, NC"
Media Planner,Epsilon,"Chicago, IL"
"Porter, Store",Conn's HomePlus,"Dallas, TX"
Quality Engineer- Clojure,"Tanisha Systems, Inc","Minneapolis, MN"
"Infrastructure Architect - Modesto, CA",The Save Mart Companies,"Modesto, CA"
Acquisition Logistician Senior,Odyssey Systems,"Dayton, OH"
Administrative Specialist Senior,Odyssey Systems,"Oklahoma County, OK"
Manufacturing Engineer II,Planet Pharma,"North Haven, CT"
Assistant General Manager,Sky Zone,"Roswell, GA"
React Native developer,TekWissen ®,"Seattle, WA"
Bryan Heart Receptionist,Bryan Health,"Lincoln, NE"
Junior Groomer,Petco,"South Gate, CA"
Pharmacy Service Technician,HealthCare Support,"Valparaiso, IN"
Sales Associate,Petco,"Bluffton, SC"
Package Handler - Part Time (Warehouse like),FedEx Ground,"Boise, ID"
"IT Systems Administrator (Windows, Linux) - Must be US Citizen - Thousand Oaks or El Segundo, CA",DKKD Staffing,"El Segundo, CA"
Paralegal (139824),Atrium,"Miami, FL"
Engineering Manager (hardware design & electronics req Relo Columbus),#twiceasnice Recruiting,"Cleveland, OH"
Pre-School Director/Teacher,Abilities Plus Inc,"Kewanee, IL"
IT Support Specialist,Vantage MedTech,"Moonachie, NJ"
Sr Programmer Analyst Oracle EBS,CooperVision,"Victor, NY"
Part-time Teller ,"ACCESSbank, Omaha Nebraska","Omaha, NE"
Intellectual Property Docketing Specialist,Duane Morris LLP,"Washington, DC"
Welder II- 2nd Shift (36493),Pegasus Steel (USA),"Ladson, SC"
Office Manager,Gantry,"El Segundo, CA"
Quality Supervisor,Refresco,"Joplin, MO"
Measurement Tech Analyst,Evergy,"Kansas City, MO"
Principal Container Platform Architect,Elevance Health,"Atlanta, GA"
System Administrator,Zufall Health,"Morris County, NJ"
Retail Sales Technology Associate,Staples Stores,"Flagstaff, AZ"
Retail - Certified Tech,Staples Stores,"Butler, PA"
Traveling Superintedent,Midwest Construction Partners,"Schaumburg, IL"
 Project Manager/Business Analyst (Equities/CRM),Employvision Inc.,"New York, NY"
Athletic Trainer,Aurora BayCare Medical Center,"Green Bay, Wisconsin Metropolitan Area"
Assistant Store Manager,"Ross Stores, Inc.","Goldsboro, NC"
P&C Risk Actuary - PR12714,Pryor Associates Executive Search,New York City Metropolitan Area
Accounting Manager,"Horizon Hospitality Associates, Inc","California, United States"
Sales Director,Verde Technologies,"Minnetonka, MN"
Medical Coder,Excelon Solutions,"Clackamas, OR"
"Staff Battery Design Engineer, EDS",Rivian,"Tustin, CA"
Studio Assistant,Satomi Kawakita Jewelry,"New York, NY"
Executive Administrative Assistant,Associated Wholesale Grocers,"Kansas City, KS"
Sterile Processing Technician,Sutter Health,"Roseville, CA"
National Team Manager - Special Inspection,Atlas,Atlanta Metropolitan Area
Overnight Hotel Manager,White Lodging,"Austin, TX"
National Team  Manager - Construction Materials Testing,Atlas,New York City Metropolitan Area
Upper Elementary School Teacher (Grades 3-5),Ronald C. Wornick Jewish Day School,"Foster City, CA"
Service Technician,Ingersoll Rand,"Kansas City, MO"
Service Technician,Ingersoll Rand,"East Syracuse, NY"
Sales Representative - Dearing Compressor & Pump Co.,Ingersoll Rand,"New Castle, PA"
Senior Accountant- Hybrid,Ingersoll Rand,"Davidson, NC"
E-Commerce Leader - NA,Ingersoll Rand,"Davidson, NC"
RS Aircraft Tech II,Gulfstream Aerospace,"Los Angeles, California, United States"
High-End East Bank Club Seeks Talented Demi Chef!,HRC International,"Chicago, IL"
"Wind Technician III- Allen, NE",Enel North America,United States
MS 365 Consultant,Perfict,"Sacramento, CA"
"Wind Technician I- Rankin, TX",Enel North America,United States
"Instrument & Controls Technician, Solar - Central Texas",Enel North America,"Dallas, TX"
ForgeRock Developer,Siri InfoSolutions Inc,"Durham, NC"
Nurse - CNA - LTC,Solomon Page,"Hadley, MA"
Surgical Technologist - Tech,Solomon Page,"Boston, MA"
Nurse - RN - PCU,Solomon Page,"Frankfort, KY"
Nurse - RN - PCU,Solomon Page,"Alpena, MI"
Nurse - LPN - LTC,Solomon Page,"Rutland, VT"
Nurse - CNA - LTC,Solomon Page,"Langhorne, PA"
Diesel Mechanic | Entry Level Technician,Republic Services,"New Brunswick, NJ"
Heavy Equipment Operator | Landfill | $3000 Bonus,Republic Services,"York, PA"
Landfill Laborer,Republic Services,"New Boston, MI"
Excess Casualty Pricing Actuary  - PR12705,Pryor Associates Executive Search,"New Jersey, United States"
Junior Accountant,Vaco,"Warrendale, PA"
Maintenance Clerk,Republic Services,"Belleville, MI"
Relief Driver - CDL (B),Republic Services,"Dayton, OH"
Commercial Front Load Driver CDL B,Republic Services,"Hodges, SC"
Technical Support Analyst 4,"V-Soft Consulting Group, Inc.","Richmond, VA"
Director of National Quality Management,Elevance Health,"Woburn, MA"
Benefits Coordinator,Smith & Associates,"Houston, TX"
Total Loss Support Representative,Farm Bureau Financial Services,"Lincoln, NE"
Interim NICU Manager,HCT Healthcare Transformation,"California, United States"
Senior Reliability Engineer,"GE Appliances, a Haier company","Louisville, KY"
Health Assistant Actuary - PR12729,Pryor Associates Executive Search,"Philadelphia, PA"
"Nurse Administrator, Healthcare Education Leadership",Linn-Benton Community College,"Lebanon, OR"
Custodian,"SBM Management Services, LP","Richmond, IN"
Custodian,"SBM Management Services, LP","San Francisco, CA"
Ethics Program Analyst,VeeAR Projects Inc.,"Bethesda, MD"
PC Technician,Insight Global,"Belmont, NC"
Workers Compensation Actuary  - PR12704,Pryor Associates Executive Search,"Boston, MA"
Reinsurance Placement Specialist,AmericanAg,"Schaumburg, IL"
Legislative Analyst,California Energy Commission,"Sacramento, CA"
Distribution Center Receiving Associate,NAPA Auto Parts,"Albuquerque, NM"
"Director, Design Verification Engineering",SBT,San Francisco Bay Area
"Manager, Platform Ops & Data",GetScale,"Austin, Texas Metropolitan Area"
DRG Appeals Coder,Managed Resources,United States
Receptionist Office Assistant,"Coastal Careers, Inc.","Holland, MI"
Business Analyst/Onsite,CodeForce 360,"Richmond, VA"
Project/Program Manager III,Harvey Nash,"Boardman, OR"
Museum Educator,African American Museum of Iowa,"Cedar Rapids, IA"
Recovery Room / Circulating Nurse,Cosmetic Surgery Of Las Vegas,"Las Vegas, NV"
Senior ETL Data Engineer - Reinsurance - Remote,Avesta Computer Services,United States
Field Application Engineer Intern,Sensirion,"Chicago, IL"
Supervisor/Manager Part-Time,Claire's,"Kennewick, WA"
Store Manager- Claire's inside San Angelo Walmart,Claire's,"San Angelo, TX"
Supervisor/Manager Part-Time,Claire's,"Los Angeles, California, United States"
"Third Key PT/Northtowne Mall, Defiance OH",Claire's,"Defiance, OH"
"Director, Talent Acquisition Business Partner - Life Sciences",Thermo Fisher Scientific,"Carlsbad, CA"
Hybrid - Data & Analytics Manager (Information Technology Manager 1),Ohio Department of Mental Health & Addiction Services,"Columbus, OH"
Legal Assistant II,"AmTrust Financial Services, Inc.","Philadelphia, PA"
Multimedia Unit Manager ,California Energy Commission,"Sacramento, CA"
Senior Accountant,Insight Global,"Clearwater, FL"
Engineer (FAA) (All Levels),Noblis,"Washington, DC"
"Sales Associate, Part-Time - The Promenade at Westlake",Warby Parker,"Thousand Oaks, CA"
"General Manager, Customer Support",Liebherr Group,"Newport News, VA"
Improvement Manager | HON Program,Dow,"Seadrift, TX"
Sr. Project Manager,Resideo,"Golden Valley, MN"
"Payroll Manager, EMEA (UK)",Canva,"San Francisco, CA"
Sales Account Executive,Epsilon,"Salisbury, NC"
Media Planner,Epsilon,"Scarborough, ME"
Media Planner,Epsilon,"Carlisle, PA"
Commercial Lines Account Manager (New Jersey Platform),Acrisure,"Florham Park, NJ"
"Newton, Head of Marketing and Product",BNY Mellon,"Boston, MA"
Part-Time Project Change Manager,Carex Consulting Group,"Madison, WI"
Data Warehouse Architect,Pikemann,"Houston, TX"
Human Resources Assistant,Hawaii State Department of Education,"Hawaii, United States"
"Senior Vice President, Business Development - Sales",BNY Mellon,"Los Angeles, CA"
Sales Account Executive,Epsilon,"Chicago, IL"
Store Manager - South Coast Plaza SP82,Marni,"Costa Mesa, CA"
Program Control Analyst,Odyssey Systems,"Lincoln, MA"
Junior Configuration/Data Manager,Odyssey Systems,"Dayton, OH"
DAS Field Engineer,Boingo Wireless,"Las Vegas, NV"
PARTS MANAGER,Custom Truck One Source,"Odessa, TX"
Summer Camp Director ,iD Tech Camps,"Stanford, CA"
PARTS MANAGER,Custom Truck One Source,"Cabot, AR"
Quality Control Technician-2nd Shift,Planet Pharma,"Rosemont, IL"
Nurse Case Manager,Paradigm,"Indianapolis, IN"
Cargo Handler,Forward Air Corporation,"Salt Lake City, UT"
Groomer,Petco,"Maricopa, AZ"
Consumer Insights Manager,Curology,United States
Retail Sales Associate Team Sports,DICK'S Sporting Goods,"Mobile, AL"
Plumber,Hawaii State Department of Education,"Honolulu, HI"
Vetco Veterinary Assistant,Petco,"Pinellas Park, FL"
SERVICE TECHNICIAN I,Custom Truck One Source,"Grass Lake, MI"
Groomer,Petco,"Twin Falls, ID"
Lead Sales Associate,Petco,"Dallas, TX"
"Assistant Director, Legislation and Governmental Affairs",California Governor's Office of Emergency Services,"Sacramento County, CA"
Federal Tax Associate - Fall 2024,RSM US LLP,"Des Moines, IA"
Audit Associate - Winter 2026,RSM US LLP,"Boston, MA"
Operational Excellence Practitioner,Oceaneering,Greater Houston
Business Tax Services Associate - Fall 2024,RSM US LLP,"Pittsburgh, PA"
Sales Associate,Petco,"Omaha, NE"
Package Handler (Warehouse like),FedEx Ground,"Modesto, CA"
Specialty Sales Representative - Southern California Territory (South LA/Orange County),EVERSANA,"Anaheim, CA"
Principal Commercial Analytics,EVERSANA,"New York, NY"
Urgent Care Advanced Practitioner- NorthPointe,Bryan Health,"Lincoln, NE"
Retail Sales Associate Lodge,DICK'S Sporting Goods,"Osage Beach, MO"
Executive Assistant,"El Paso County, Colorado, USA","Colorado Springs, CO"
Retail Operations Associate,DICK'S Sporting Goods,"Jacksonville, NC"
Senior Software Engineer,Goosehead Insurance Agency,"Grapevine, TX"
Counter Sales Associate,White Cap,"St Cloud, MN"
Outside Sales Internship,Legends,"Boston, MA"
Functional Lead,Deloitte,Salt Lake City Metropolitan Area
"RVP, Sales - North America",Workera,United States
Legal Assistant II,"AmTrust Financial Services, Inc.","Chicago, IL"
Senior Software Engineer Insurance Platform,Airbnb,United States
"Senior Vice President, Business Development - Sales",BNY Mellon,"New York, NY"
Drill Crew Foreman,"ADB Companies, LLC","Colorado Springs, CO"
Laborer II,"ADB Companies, LLC","Colorado Springs, CO"
Electrical Project Manager,Diamond Peak Recruiting,Greater Chicago Area
Audio Visual Technician,Green Key Resources,"New York, NY"
Store Delivery Driver,NAPA Auto Parts,"Ellisville, MO"
Store Delivery Driver,NAPA Auto Parts,"Madison, TN"
Business Development Manager,Blackhawk Aerospace,United States
P&C Reinsurance Actuary - PR12683,Pryor Associates Executive Search,New York City Metropolitan Area
Service Technician,Ingersoll Rand,"Edison, NJ"
Service Technician,Ingersoll Rand,"Menomonee Falls, WI"
Service Supervisor,Ingersoll Rand,"Elmhurst, IL"
Accounts Payable Specialist,Design Ready Controls,"Brooklyn Park, MN"
Quality Intern,Ingersoll Rand,"Buffalo, NY"
Commercial BDR Manager,Sigma Computing,"New York, NY"
Design Data Analyst,A.G. KUNZ LLC,"San Francisco, CA"
Senior P&C Analytics Actuary - PR12617,Pryor Associates Executive Search,New York City Metropolitan Area
National Team Manager - Special Inspection,Atlas,"Arizona, United States"
"Wind Technician I- Hennessey, OK",Enel North America,"Hennessey, OK"
Membership Director,Associated General Contractors of Alaska,"Anchorage, AK"
Medical Device Recruiter,Sanford Rose Associates® - Schmidt Group,United States
Nurse - RN - LTC,Solomon Page,"Scarborough, ME"
"Wind Technician I - Allen, NE",Enel North America,"Allen, NE"
Nurse - RN - Med Surg,Solomon Page,"Chattanooga, TN"
Nurse - RN - Cardiac Tele,Solomon Page,"Chattanooga, TN"
Nurse - LPN - LTC,Solomon Page,"Seaford, DE"
Nurse - LPN - LTC,Solomon Page,"Springfield, VT"
"Registered Dental Hygienist, X-Ray Imaging Lead ",Columbia University,"New York, NY"
Mechanical Technician,Element Materials Technology,"Huntington Beach, CA"
Driver - CDL (B),Republic Services,"Bend, OR"
Business Intelligence Developer,Leap Metrics,"Dallas, TX"
Associate Sample Prep Technician,Element Materials Technology,"Huntington Beach, CA"
Reliability Supervisor-DICP,Wells Enterprises,"Dunkirk, NY"
Senior Quality Assurance Analyst,"Metasys Technologies, Inc.","Greenwood Village, CO"
Business Analyst II,L.A. Care Health Plan,"Los Angeles, CA"
Territory Account Manager -East Coast,Wixon,United States
Vmware Consultant,"AppLab Systems, Inc","Princeton, NJ"
Loan Servicing Representative,Vaco,"Orlando, FL"
CMP Manufacturing Engineer,Headway Technologies,"Milpitas, CA"
Registered Nurse (RN) – Breast Surgical Oncology Clinic  - $40.00-$63.00 / hour - Full Time - Enjoy up to a $10k Sign-on Bonus*,Eisenhower Health,"Rancho Mirage, CA"
Senior Medical Professional Liability Actuary  - PR12689,Pryor Associates Executive Search,"California, United States"
Real Estate Attorney,Real Capital Solutions,"Louisville, CO"
Manager of Health Analytics,Partnership HealthPlan of California,"Fairfield, CA"
Claims Customer Service Representative I,Partnership HealthPlan of California,"Sonoma County, CA"
D365 Functional Lead - F&O,Xenon arc,"Seattle, WA"
Land Acquisitions Agent,Pape-Dawson Engineers,"San Antonio, TX"
Life/Annuity Reinsurance Actuary  - PR12736,Pryor Associates Executive Search,New York City Metropolitan Area
Senior UI/UX Engineer (Hybrid),Brooksource,"Chicago, IL"
Dental Assistant,HHS Careers,"Phoenix, AZ"
Senior Accounting Specalist,Key Figures Cooperative,United States
Scientist II (HPLC),Fladger Associates,"Ridgefield, CT"
Electrical Assembler,Insight Global,"Chesapeake, VA"
Mechanical Assembler,Zobility,"Phoenix, AZ"
Software Tester,Comprehensive Resources Inc,"Jefferson City, MO"
Commercial / Business Litigation Attorney,Ascendion,"New York, NY"
Sales Assistant,Claire's,"Florence, KY"
Supervisor/Manager-Part Time,Claire's,"San Angelo, TX"
Supervisor/Manager Part-Time,Claire's,Greater Asheville
Supervisor/Manager Part-Time-Tyrone Mall,Claire's,"St Petersburg, FL"
Supervisor/Manager Part-Time Westland,Claire's,"Westland, MI"
Claire's South County Mall Part Time,Claire's,"St Louis, MO"
Supervisor/Manager Part-Time,Claire's,"Broken Arrow, OK"
Sterile Processing Technician III,STERIS,"Chattanooga, TN"
Mental Health LPN Full Time – HIRING INCENTIVE $1000,Ohio Department of Mental Health & Addiction Services,"Cincinnati, OH"
"Data center Technician - Cheyenne, WY","Sunrise Systems, Inc.","Cheyenne, WY"
Labor And Employment Partner,Ascendion,"New York, NY"
Supervisor/Manager Part-Time,Claire's,"Lakewood, CA"
Legal Assistant II,"AmTrust Financial Services, Inc.","Alpharetta, GA"
Assistant Grocery Team Leader-Binghamton #237,Price Chopper Supermarkets-Market 32,"Binghamton, NY"
Rehab Tech,"MJ Care, Inc.","Dousman, WI"
Sales Associate - South Coast Plaza,Warby Parker,"Costa Mesa, CA"
Dentist,HHS Careers,"Phoenix, AZ"
"Senior Manager, Data and Science",Verana Health,"San Francisco, CA"
Sales Account Executive,Epsilon,"Quincy, MA"
IT Contract Manager,VeeAR Projects Inc.,"Des Moines, IA"
Ground Operations Crew,JetBlue,"Jamaica, NY"
"Research Associate, Gnotobiotics",Stanford University,"Stanford, CA"
Quality Control Technician,Planet Pharma,"Tigard, OR"
Manager of Product Design - CMOS Image Sensor (CIS),MoTek Technologies,"San Jose, CA"
Sales Associate,Petco,"Rehoboth Beach, DE"
Federal Tax Associate - Fall 2024,RSM US LLP,"Davenport, IA"
Tax Service Line Marketer Senior Associate,RSM US LLP,"Rochester, MN"
Database Administrator,Indotronix Avani Group,United States
Client Operations Coordinator,Bryan Health,"Lincoln, NE"
Senior Network Operations Engineer,SBA Communications,"Boca Raton, FL"
Lead Sleep Technologist,HealthCare Support,"Aurora, CO"
Echocardiographer,HealthCare Support,"Boston, MA"
Data Analyst - Expert with Excel,OpTech,"Auburn Hills, MI"
Package Handler - Part Time (Warehouse like),FedEx Ground,"Portland, OR"
Continuous Improvement Intern (Summer),Charter Dura-Bar,"Woodstock, IL"
Licensed Mental Health Professional,"Advanced Correctional Healthcare, Inc.","Richland, SC"
Retail Sales Associate Apparel,DICK'S Sporting Goods,"Mobile, AL"
"Senior Manager, Marketing Syracuse University",Legends,"Syracuse, NY"
Sales Assistant,Claire's,"Richmond, IN"
Project Engineer,Suffolk Construction,"Boston, MA"
Associate Attorney,"Brock & Scott, PLLC","Allegheny County, PA"
"Senior Associate, Data Management & Quantitative Analysis",BNY Mellon,"Houston, TX"
Quality Assurance Coordinator,Rich Products Corporation,"New Britain, CT"
"Business Analyst (Atlanta,Chandler,Richmond)",Experis,"Atlanta, GA"
System Engineer,W3Global,"Orlando, FL"
Business Development Executive BPO - Hi Tech/New Age,Wipro,United States
Pharmaceutical quality Assurance Associate,Fladger Associates,"Athens, GA"
Paid Social Specialist,MANSCAPED,United States
Instrumentation & Controls Engineer II,Merrick & Company,"Tulsa, OK"
Nurse Practitioner- Starting Pay -$120k,W3Global,"Mishawaka, IN"
Senior Electrical Engineer,Merrick & Company,"Ellicott City, MD"
Enterprise Product Manager,Perplexity,San Francisco Bay Area
"Program Manager, Severe Behavior Services",Easterseals Southern California,"Ontario, CA"
Behavior Technician - Adult Support,Easterseals Southern California,"Long Beach, CA"
National Account Manager/Sales Account Manager,Rubicon Research Pvt Ltd,"Jersey City, NJ"
Federal Policy Manager,Democracy Forward,Washington DC-Baltimore Area
Tax Associate,Pro2Learn,United States
Marketing Analyst,24 Seven Talent,United States
"Coordinating Streaming Producer, 247Sports",CBS Sports,"Nashville, TN"
Camera Operator,Dude Perfect,"Frisco, TX"
Human Resources Project Manager,International Systems Technologies Inc.,"Texas, United States"
Design Integration Engineer,Headway Technologies,"Milpitas, CA"
.Net Architect,Cloud Consulting Services Inc (CCSI),"Tallahassee, FL"
Design Technician,Planet Pharma,"Lafayette, CO"
Midwest Territory Account Manager,Wixon,United States
Quality System Engineer,Generac,"Waukesha, WI"
Junior Account Executive,Venture Connections,"Milwaukee, WI"
Senior Land Acquisitions Agent,Pape-Dawson Engineers,"San Antonio, TX"
Senior Land Acquisitions Agent,Pape-Dawson Engineers,"Austin, TX"
Cost Accountant,Simply Biotech,"Aliso Viejo, CA"
Adobe Multi-Solution Lead Developer,KPG99 INC,"Newark, NJ"
General Dentist,Henry Schein Dental Recruitment Services,"Burton, MI"
Continuous Improvement Engineer,"Carolina Foods, Inc.","Charlotte, NC"
"Senior Manager, Accounting",Engtal,"Milwaukee, WI"
Sports-Minded Sales Representative,Elite SD Inc.,"San Diego, CA"
Dev/Research Engineer 2,"Cintal, Inc.","Chillicothe, IL"
Sr C++ Developers,SKILL BIRD,United States
Supervisor/Manager Part-Time Laurel Park,Claire's,"Livonia, MI"
Supervisor/Manager Part-Time,Claire's,"Slidell, LA"
Full-time Public Safety Officer,Saint Michael's College,"Colchester, VT"
Technical Medical Specialist - 20068644,Ohio BWC (official),"Columbus, OH"
Press Operator,Eastman Kodak Company,"Columbus, GA"
"Director, Regulatory Affairs & Strategic Planning",LyondellBasell,"Houston, TX"
INFORMATION TECHNOLOGY SPECIALIST II,Employment Development Department,"Sacramento County, CA"
Scientist II - GMP Research Scientist (E. coli) - Recombinant Proteins (REP),Thermo Fisher Scientific,"Cranbury, NJ"
Leisure Sales Manager,Mandarin Oriental Hotel Group,"New York, NY"
"Senior Associate, Treasury and ALM",BNY Mellon,"Pittsburgh, PA"
"Licensed Practical Nurse, Dermatology",UF Health,"Gainesville, FL"
"Marketing Manager, Proposals",Boingo Wireless,"Colorado Springs, CO"
Compensation & Benefits Analyst,Therapy Brands,"Birmingham, AL"
Data Architect,Photon,"Louisville, KY"
Retail Golf Club Tech,DICK'S Sporting Goods,"Independence, MO"
Senior Analytical Scientist,Fladger Associates,"Ridgefield, CT"
Laborer II- Drill Operator,"ADB Companies, LLC","Colorado Springs, CO"
Emergency Room Nurse,HealthCare Support,"Macomb, IL"
Radiology Technologist,HealthCare Support,"Fort Walton Beach, FL"
Patient Liaison,Bryan Health,"Lincoln, NE"
Package Handler - Part Time (Warehouse like),FedEx Ground,"Prescott, AZ"
Workday Integration - C2H,Element Technologies Inc,"Bentonville, AR"
Sr. Project / Program Manager - HYBRID,Connection,"Falls Church, VA"
"Supervisor/Manager Part-Time Claire's Wisconsin Dells, WI Store 6409",Claire's,"Baraboo, WI"
Call Center Response Specialist,SiriusXM,"Irving, TX"
Manufacturing Engineering Technician,Headway Technologies,"Milpitas, CA"
Tax Manager,G.A. Rogers & Associates,"Irving, TX"
Accountant,Engtal,"Burr Ridge, IL"
"Physician (Director, Quality Management)",HHS Careers,"Phoenix, AZ"
Evening Shift Supervisor - Full Time,Price Chopper Supermarkets-Market 32,"Schenectady, NY"
Manager Contract Administration,Radiology Partners,United States
Electrical Integration Engineer,Morson Talent,"Mountain View, CA"
Package Handler - Part Time (Warehouse like),FedEx Ground,"Salem, OR"
Digital Marketing Strategist,Geonetric,United States
Business Analyst,Apex Systems,"Greenwood Village, CO"
Dotnet Developer,Sprintward,United States
Global IT Support Analyst (Pennington),Experis,"Pennington, NJ"
Senior Tax Accountant,W3Global,"St Peters, MO"
Architectural Designer,Merrick & Company,"Ellicott City, MD"
Warehouse Associate I,"J.B. Hunt Transport Services, Inc.","Romulus, MI"
Engineering and Technology: Application Development Annual Internship 2024,"J.B. Hunt Transport Services, Inc.","Lowell, AR"
Manager of Marketing Operations,W3Global,"Dallas, TX"
Commercial Account Manager,Blackmon Mooring & BMS CAT,"Miami, FL"
Project Support Specialist,ASRC Federal,"Greenbelt, MD"
Financial Analyst,Worldwide Assurance for Employees of Public Agencies (WAEPA),"Falls Church, VA"
SAP Program Manager,Natsoft,"Sunnyvale, CA"
Sr. Embedded Site Reliability Engineer (Samsung Ads),Samsung Electronics America,"New York, NY"
Infrastructure Program Manager,MMD Services,Greater Chicago Area
Assistant Store Manager,Petco,"Brooklawn, NJ"
"Analyst, Paid Search",Publicis Collective,"Birmingham, MI"
Netsuite,Mitchell Martin Inc.,United States
Dyslexia Teacher K-8,International Leadership of Texas,"Fort Worth, TX"
Training and Development Specialist - Automotive,Zobility,"Dallas, TX"
Pharmaceutical Sanitation Technician,ABM Industries,"Houston, TX"
Paralegal,AppleOne Employment Services,"Tampa, FL"
Field Sales Representative,AT&T,"Asheville, NC"
Land Acquisitions Agent,Pape-Dawson Engineers,"Austin, TX"
"Product Marketing Manager, Customer Advocacy",GitLab,United States
Admissions Advisor,East-West University Chicago,"Chicago, IL"
Desktop Analyst,Softcom Systems Inc,"Sharonville, OH"
Client Cash Administrator,Phoenix American,"Larkspur, CA"
Web Developer,Infomatics Corp,"Ottawa, ON"
"Executive Vice President, Brand Experience",Publicis Collective,"New York, NY"
Intellectual Property / Patent Partner (Litigation),Ascendion,"Dallas, TX"
Remote opportunity for P&C Senior Consulting Actuary - PR12733,Pryor Associates Executive Search,United States
Supervisor/Manager Part-Time,Claire's,"Gresham, OR"
Sales Assistant,Claire's,"Ottumwa, IA"
QC Technician II,Thermo Fisher Scientific,"Plainville, MA"
Labs FSP - Associate Research Scientist,Thermo Fisher Scientific,"Summit, NJ"
IT Support Specialist,ALFACONSEIL.CA,"New York, NY"
"Application Scientist II, Technical Services",Exact Sciences,"Madison, WI"
IT Support Specialist,ALFACONSEIL.CA,"Miami, FL"
Complex Litigation Paralegal,Adams & Martin Group,"Los Angeles County, CA"
Civil Engineering Intern - Summer 2024,Langan Engineering & Environmental Services,"Irvine, CA"
"Technician, Maintenance Analyzer 3",LyondellBasell,"La Porte, TX"
"Chief, Research Oversight, and Compliance",Odyssey Systems,"Fairfield, CA"
"Director, Biostatistics",Deciphera Pharmaceuticals,"Waltham, MA"
"Senior Manager, Pharmacovigilance Quality & Compliance",Deciphera Pharmaceuticals,"Waltham, MA"
Senior Agency Success Manager,Integral Ad Science,"New York, NY"
System Support Analyst,nTech Workforce,"Reston, VA"
"ONSITE ROLE : Senior OpenText (VIM) Expert  ( 6+ Months, MA )",KPG99 INC,"Wilmington, MA"
Federal Tax Associate (Fall 2026/Winter 2027)​,RSM US LLP,"Des Moines, IA"
Clinical Pathology Laboratory Manager,Bryan Health,"Lincoln, NE"
Bench Store Manager - San Jose,DICK'S Sporting Goods,"Sunnyvale, CA"
Account Executive - Restaurant Tech AI / SaaS Start-Up,Zearch,New York City Metropolitan Area
Quality Assurance Planner,Oceaneering,"San Diego, CA"
SR. TECHNICIAN - TECHNICIAN - Pilot Plant Operations and Maintenance,Southwest Research Institute,"San Antonio, TX"
Sales Associate,Petco,"Weymouth, MA"
System Analyst III,Experis,"Columbus, OH"
Systems Engineer,Experis,"St Louis, MO"
Pediatrician,Alliance Medical Center,"Healdsburg, CA"
Data Governance Analyst,Smart IMS Inc.,United States
Head of Tax - Real Estate,W3Global,"San Diego, CA"
Accounting Operations Manager,SkyWater Search Partners,"Chicago, IL"
Correspondence Management Professional,ASRC Federal,"Falls Church, VA"
Banner Integration & Solutions Manager,Western Oregon University,"Monmouth, OR"
Android Developer / Architect ,Sophus IT Solutions,"Peachtree City, GA"
"Senior Manager, Regulatory Review - Multiple Open Positions",Digitas Health,"New York, NY"
Project Manager,Diamond Peak Recruiting,Greater Boston
Associate Recruiter,Angi,"Maryland, United States"
Associate Recruiter,Angi,Greater Hartford
Video Game Test Engineer,Experis,"Portland, OR"
Property Accountant,Confidential,"Dallas, TX"
"On-Site Hiring Event for Medical Assistants, LPNs, and Medical Office Coordinators","Signature Healthcare, MA","Brockton, MA"
Staffing Recruiter,"Coastal Careers, Inc.","Holland, MI"
Store Dispatcher,NAPA Auto Parts,"Fairbanks, AK"
Operations Technician,NOVA Chemicals,"Geismar, LA"
Operations Supervisor (night shift),U.S. Silica Company,"Mill Creek, OK"
"Sr. Manager, Regulatory Affairs",axogen,"Tampa, FL"
Land Acquisitions Agent,Pape-Dawson Engineers,"Fort Worth, TX"
Senior Land Acquisitions Agent,Pape-Dawson Engineers,"Fort Worth, TX"
Application Engineer,BriskHeat Corporation,"Columbus, OH"
General Accountant,Dahl Consulting,"Plymouth, MN"
Sr Professional Recruiter (Remote) - RPO Consultant,ManpowerGroup,United States
Accounts Payable Specialist,Simply Biotech,"Aliso Viejo, CA"
Heavy Maintenance Manager,Satair,"Peachtree City, GA"
Embedded Threat Analyst Team Leader,Sibylline Ltd,"Austin, TX"
Sr. Robotics Engineer (Hybrid),Intelliswift Software,"Sunnyvale, CA"
Fundraising Events Specialist,Stop Soldier Suicide,United States
Global Sales Manager,LANSA,United States
Mortgage Wholesale Account Executive,Mortgage Solutions Financial,United States
Senior Construction Project Manager,proHNS LLC,"Juneau, AK"
Supervisor/Manager Part-Time Gateway Plaza,Claire's,"Detroit, MI"
International Distribution Specialist,STERIS,"Indianapolis, IN"
Senior Java Developer (W2 Only),AspiringIT,"Chicago, IL"
Sr. Administrative Assistant,LyondellBasell,"Houston, TX"
Legal Assistant II,"AmTrust Financial Services, Inc.","Irvine, CA"
Electrical Foreman - Special Projects,Weifield Group Contracting,"Killeen, TX"
New Home Sales Associate - Nashville,Richmond American Homes,"Nashville, TN"
Marketing Technologies Product Manager/ Product Owner-NA,Dow,"Houston, TX"
APIGEE Developer,Diamondpick,"Jersey City, NJ"
Dealer Territory Sales Consultant,Epsilon,"Raleigh, NC"
Assistant Store Manager,Conn's HomePlus,"Jackson, MS"
Human Resources Assistant,Hawaii State Department of Education,"Honolulu, HI"
Senior Traffic Engineer,AtkinsRéalis,"Raleigh, NC"
Clinical Advisor,RJ IT Solutions,"Maryland, United States"
OS&D Coordinator,Forward Air Corporation,"Folcroft, PA"
Pet Stylist- Part-Time (Dog Groomer),Petco,"Seneca, SC"
Senior Legal Operations Specialist,Insight Global,"Arlington, VA"
Business Development (Sales) Manager,Nitto Avecia,"California, United States"
Application Analyst,Bryan Health,"Lincoln, NE"
Laborer II- Drill Operator,"ADB Companies, LLC","Colorado Springs, CO"
"***AP Lead || Onsite in Houston, TX***",Vaco,"Houston, TX"
Assistant Store Manager,DICK'S Sporting Goods,"Temecula, CA"
Package Handler - Part Time (Warehouse like),FedEx Ground,"South Yarmouth, MA"
Package Handler Huntsville Metro Area Locations (Warehouse like),FedEx Ground,"Huntsville, AL"
Package Handler - Part Time (Warehouse like),FedEx Ground,"North Wales, PA"
Facilities Project Manager,Hawaii State Department of Education,"Hawaii, United States"
DevOps Engineer,Rainsoftglobal Technology Services,United States
Forklift Operator (Farmbrook Plant) - D Shift (Nights) - $21.47 to start!,Careers @ Graham Packaging,"York, PA"
Sr. Software Engineer/API Developer,Dexian,"Charlotte, NC"
Supply Analyst - Hybrid,Radiant Systems Inc,"Deerfield, IL"
Account Manager,Insight Global,"Moorpark, CA"
AWS Certified Weld Inspector,W3Global,"Bryan, TX"
Cable Technician Data center technician,Experis,"Chicago, IL"
After Hours Data Center Engineer,Experis,United States
Facilities Technician,PSC Biotech Corporation,"York, PA"
Instrumentation & Controls Engineer III,Merrick & Company,"Tulsa, OK"
Manager of Marketing Operations,W3Global,"Dallas, TX"
Quality Manager,W3Global,"Dixon, NC"
Java Backend developer ,TekWissen ®,"Seattle, WA"
Bio Packaging Technician 3rd Shift Sunday - Thursday 10:00pm to 6:30am,Zoetis,"Lincoln, NE"
"Senior Manager, Regulatory Review - Multiple Open Positions",Publicis Health,"New York, NY"
Individual Retirement Premier Customer Service Representative,Equitable,United States
Electrical Foreman - Special Projects,Weifield Group Contracting,"Georgetown, TX"
Writer/Producer,CBS News and Stations,"New York, NY"
Claims Adjuster - Workers Compensation,Radiant Systems Inc,"California, United States"
Distribution Center Manager - 2nd Shift,Legends,"Indianapolis, IN"
Senior Accountant,Sunwest Bank,"Boise, ID"
Project Superintendent,Insight Global,"Pittsfield, MA"
Contract Administrator II,Zobility,"Rockford, IL"
"Associate, Regulatory Review - Multiple Open Positions",Publicis Health,"New York, NY"
Life Science Research Professional 1,Stanford University,"Stanford, CA"
Business Intelligence Engineer II ,TekWissen ®,"Westborough, MA"
Building Systems Supervisor,Insight Global,"Davie, FL"
Community Associate,Ledgent Technology,"Fargo, ND"
Mechanical Engineer,Sophus IT Solutions,"Rochester, NY"
Regulatory Operations Manager - Multiple Positions Open,Saatchi & Saatchi Wellness,"New York, NY"
"Director, Marketing Automation & Operations",Epsilon,"Boston, MA"
Medical Assistant,California Skin Institute,"San Francisco, CA"
Operations Manager,Petco,"King George, VA"
Cyber Security Engineer,Robert Half,"California, United States"
Logistics Manager,Experis,"New York, NY"
Electrical Engineer Internship,FastGrid,"Gilbert, AZ"
Technical Writer,GlobalLogic,"Dallas, TX"
PLC Engineer,W3Global,"Houston, TX"
Electrical Engineer III,Merrick & Company,"Richmond, VA"
"Associate, Regulatory Review - Multiple Open Positions",Digitas Health,"New York, NY"
Outside Sales Executive,Honor Construction & Development,"Grand Rapids, MI"
Senior Pega Engineer,InRhythm,"Richardson, TX"
Training and Development Manager,Prime IV Hydration & Wellness,"Colorado Springs, CO"
Product Data Hub Developer,Elios Technologies Inc,"Cleveland, OH"
Solar Technician,ENGIE North America Inc.,"Townsend, DE"
Front Office Supervisor,Holiday Inn Long Beach Airport and Conference Center,"Long Beach, CA"
Analytical Scientist II,"Yoh, A Day & Zimmermann Company","Ridgefield, CT"
Legal Data Analyst (Dallas/Chicago),CBRE,"Chicago, IL"
Club General Manager,Gecko Hospitality (Corporate),"Austin, TX"
Work at Home Licensed Health Insurance Agent,Everise,United States
Sales Assistant-8263 Icing Muncie Mall,Claire's,"Muncie, IN"
Retail Sales Associate Footwear,DICK'S Sporting Goods,"Osage Beach, MO"
Client Relationship Executive - Health Care,Deloitte,"Des Moines, IA"
Sales Account Manager,California Commercial Security,"San Diego, CA"
JAVA FULLSTACK DEVELOPER,Siri InfoSolutions Inc,"Charlotte, NC"
Media Buyer,,United States
Tier 3 Route Switch Engineer,Experis,United States
Sales Development Representative,Vendition,New York City Metropolitan Area
Controls Engineer 2,W3Global,"Mossville, IL"
RM - Program Manager,Experis,"Santa Clara, CA"
Server- New 1886 Grill and Smokehouse,Homestead Resort & Golf Club Utah,"Midway, UT"
Embedded Software Engineer ,TekWissen ®,"Redmond, WA"
General Manager,W3Global,"Houston, TX"
Outside Sales Territory Manager,W3Global,"Milwaukee, WI"
Instructional Designer,New Orleans Ernest N. Morial Convention Center,"New Orleans, LA"
Account Manager,Ultimate Staffing,"Napa, CA"
Staff Physician,"Cross Paths Logistics, LLC.","New Iberia, LA"
Direct Support Professional,Easterseals Southern California,"Burbank, CA"
Staff Accountant,Servsys Corporation,"Miramar Beach, FL"
"Manager, Regulatory Review - Multiple Open Positions",Digitas Health,"New York, NY"
Project Engineer/Manager,Experis,"Waverly, IA"
SAP Ariba Consultant,Quantum World Technologies Inc.,"Raleigh, NC"
Plant Controller,W3Global,"Beaverton, OR"
Project Manager,Experis,"West Point, PA"
Mechanical Engineer III,Merrick & Company,"Tulsa, OK"
Account Executive,Mitchell Martin Inc.,"Jacksonville, FL"
Project Support Specialist / Graphic Designer,ASRC Federal,"Greenbelt, MD"
Generator Field Service Tech,"Fremont Associate, LLC","Illinois, United States"
Dry Etch Manufacturing Engineer,Headway Technologies,"Milpitas, CA"
Business Development (Sales) Manager,Nitto Avecia,"Milford, MA"
Senior PHP Developer,RadGov Inc.,"Denver, CO"
Retail Sales Manager,W3Global,"Augusta, GA"
"Senior Manager, Deliver Operations Strategy",Johnson & Johnson,United States
Bio Packaging Technician 3rd Shift Sunday - Thursday 10:00pm to 6:30am,Zoetis,"Lincoln, NE"
Accounts Payable/Accounts Receivable Manager,AppleOne Employment Services,Greensboro--Winston-Salem--High Point Area
Controller,Vaco,"Irvine, CA"
Vehicle Shop Technician ,Intellectt Inc,"Bolingbrook, IL"
Regulatory Operations Manager - Multiple Positions Open,Publicis Health,"New York, NY"
Production Supervisor,Experis,"Lansing, MI"
Business Intelligence Engineer II ,TekWissen ®,"Seattle, WA"
Grant Writer,Milwaukee Symphony Orchestra,"Milwaukee, WI"
Senior PHP Developer,"Anveta, Inc","Denver, CO"
Program Manager,Prime 8 Consulting,"Washington, United States"
Complex Specimen Processor PRN,HCA Healthcare,"Lenexa, KS"
Patient Care Coordinator,BlueWave Medicine,"Sausalito, CA"
"Registered Nurse (RN) – Acute Orthopedics, 6 East – Weekend Program",UVA Health,"Charlottesville, VA"
"Health Unit Coordinator (HUC) - Acute Care, Pediatrics",UVA Health,"Charlottesville, VA"
Ambulatory Program Assistant Coordinator (Surgery Clinic),UVA Health,"Charlottesville, VA"
Experienced Network Marketer,,United States
Entry-level Outside IT Sales Representative,OUS365,"Chicago, IL"
Revenue Operations Specialist,Intelliswift Software,"Lehi, UT"
District Sales Manager,Holman,"Michigan, United States"
Frontend Developer,WaferWire Cloud Technologies,"San Jose, CA"
Jr. Property Tax Accountant,Holman,"Mount Laurel, NJ"
Receptionist,Ultimate Staffing,"Roseville, CA"
Controller,Boutique Recruiting,"Everett, WA"
Contract Litigation Attorneys,Adams & Martin Group,"Los Angeles County, CA"
Account Executive,WebMD,Los Angeles Metropolitan Area
Employment Specialist - Industrial Division,Express Employment Professionals CDA,"Coeur d'Alene, ID"
Sales Operations Analyst,MUNICIPAL CO.,"Carlsbad, CA"
Registered Nurse (RN) Care Coordinator - Oncology GI,UVA Health,"Charlottesville, VA"
"IT Analyst Principle Trainer, Revenue Cycle (EMR) Training",UVA Health,"Charlottesville, VA"
Acute Care Pediatrics CNA,UVA Health,"Charlottesville, VA"
Registered Nurse (RN) - Thoracic Cardiovascular Surgical Acute & Intermediate Unit - Weekend Program,UVA Health,"Charlottesville, VA"
"Certified Nurse Assistant (CNA) - Acute Care Pediatrics, Children's Hospital, Part Time",UVA Health,"Charlottesville, VA"
Controller,Ferrari South Bay,"Torrance, CA"
Software Design Engineer,WaferWire Cloud Technologies,"Redmond, WA"
Accountant / Accounting Manager,Ledgent,"Hayward, CA"
Recruiting Coordinator,Internet Brands,Los Angeles Metropolitan Area
Senior Director of Accounting,Conexus Recruiting,Little Rock Metropolitan Area
Supervisor/Hourly,Chimes,"Washington, DC"
Manager-FP&A,Waylin Partners,United States
Head of Linux Product,CIQ,"Reno, NV"
Partner Marketing Learning Manager,Aquent,"Los Angeles, CA"
Inside Sales Representative,Auto Credit Express,"Auburn Hills, MI"
Inside Sales Representative,Martindale-Nolo,"Pleasanton, CA"
Director - FP&A,Waylin Partners,"Houston, TX"
"Program Manager for global computer technology company in Redmond, WA.",OSI Engineering,United States
Welder,The Reserves Network,"Dallas, TX"
Production Worker,The Reserves Network,"Mentor, OH"
1st shift Injection / CNC Operator,The Reserves Network,"Wickliffe, OH"
2nd shift Injection Operator,The Reserves Network,"Wickliffe, OH"
"App and Strategy Product Strategist for a Global Automotive Company in Torrance, CA",OSI Engineering,"Torrance, CA"
Customer Service Representative (Remote in Kentucky),Talentify.io,United States
Senior Design and Quality Engineer,"Instrument Technology, Inc.","Westfield, MA"
Senior Mechanical Design Engineer,Pure Lithium Corporation,"Boston, MA"
Controller,Interior Alaska Roofing Inc,"Fairbanks, AK"
Family Law Paralegal,Gem State Family Law,"Eagle, ID"
Tennis Sports Lead,Yonex USA,"Torrance, CA"
Administrative Assistant,,"Plano, TX"
Web Designer,Open Systems Technologies,"Boston, MA"
Engineer II,Olympus Corporation of the Americas,"San Jose, CA"
Administrative Assistant,Confidential,Los Angeles Metropolitan Area
Parts Inspector,The Reserves Network,"Hodgenville, KY"
IT Help Desk Associate,The Reserves Network,"Houston, TX"
Customer Service Representative,The Reserves Network,"Abilene, TX"
Bilingual Temporary Case Aide,The Reserves Network,"Houston, TX"
Grounds Maintenance Technician,The Reserves Network,"Omaha, NE"
2nd Shift Test Technician,The Reserves Network,"Wallingford, CT"
Production Associate,The Reserves Network,"Glasgow, KY"
Assistant Controller,Main Street Produce Inc,"Santa Maria, CA"
Vice President Finance,Beyer & Kelley LLC,United States
Director of Business Development,,"San Antonio, Texas Metropolitan Area"
AR Specialist,Ledgent,"Martinez, CA"
Creative Project Manager,Aquent,"Encinitas, CA"
Director of Operations,Insight Global,"Pittsburgh, PA"
Director of Marketing and Communications,Library Foundation of Los Angeles,"Los Angeles, CA"
Senior Cloud Engineer(Golang),BayOne Solutions,"San Francisco, CA"
Accountant,The Reserves Network,"Ames, IA"
ETL Tester,Touchpoints,United States
Customer Service Rep,Lincare,"Tupelo, MS"
Sales Manager - FORTH Atlanta,Method Co.,"Atlanta, GA"
Territory Sales Manager,PreXion CBCT,"Dallas–Fort Worth metroplex, TX"
Certified Medical Assistant (CMA) -Pelvic Medicine,UVA Health,"Charlottesville, VA"
"IT Associate, EMR Training",UVA Health,"Charlottesville, VA"
Accounting Manager/Bookkeeper,"Prime Fiduciary Services, LLC","Los Altos, CA"
"Director, Enterprise Compliance",Holman,"Mount Laurel, NJ"
Office Manager for Prestigious Finance Firm,Career Group,"Dallas, TX"
Customer Service Rep (Workplace Solutions Claims) – Remote,Mutual of Omaha,United States
Sr. Android Developer,Tranzeal Incorporated,"San Jose, CA"
Finance Analyst,Analytical Mechanics Associates,"Hampton, VA"
Records Specialist,Insight Global,"Spokane, WA"
Network Security Specialist,Proud Security Guards Inc,"Sacramento, CA"
Director-FP&A,Waylin Partners,United States
Coordinator,Confidential,Los Angeles Metropolitan Area
Senior Sales Consultant,Confidential,"San Mateo County, CA"
".NET Developer (Azure) Roles, W-2 / Indiana based candidates preferred",,"Indianapolis, IN"
CMM Operator 2nd Shift,The Reserves Network,"Wickliffe, OH"
"Sr Remote Japanese/English Interpreter and Translator for Global Automotive Company in Raymond, OH",OSI Engineering,United States
Administrative Assistant Contract Support,The Reserves Network,"Katy, TX"
Quality Inspector,The Reserves Network,"Auburn, AL"
Mold Setter-3rd shift,The Reserves Network,"Ohio, United States"
Call Center Supervisor,The Reserves Network,"Houston, TX"
Flutter Developer (Remote),Brooksource,"Atlanta, GA"
Flight Control Design Engineer (utilizing Simulink) for a Hybrid eVTOL project in Southern California ,OSI Engineering,"Santa Barbara County, CA"
"Medical Equipment Setup, CSR",Lincare,"Crystal City, MO"
Delivery Driver - Medical Equipment,Lincare,"Kalispell, MT"
"Laboratory Lead Technologist (Medical Lab), Core Lab/Oncology Lab",UVA Health,"Charlottesville, VA"
Recruiting Coordinator,First Response Security,"Beaverton, OR"
Accounting Specialist,Analytical Mechanics Associates,"Hampton, VA"
Voice Engineer,SmartSource Technical Solutions,United States
Accountant,Ledgent,"Pleasant Hill, CA"
Strategy Analyst,Systems Integration Solutions,"Cupertino, CA"
Urology Territory Manager,Olympus Corporation of the Americas,"Iowa, United States"
Sales Representative,Auto Credit Express,"Auburn Hills, MI"
Sales Development Representative,Martindale-Nolo,"Pleasanton, CA"
Security Architecture Lead,Olympus Corporation of the Americas,"Center Valley, PA"
Maintenance Technician,The Reserves Network,"Ronda, NC"
Dishwasher,The Reserves Network,"Olathe, KS"
Production Position,WestRock Company,"Nicholasville, KY"
Legal Assistant for In-House Opportunity,Adams & Martin Group,"Los Angeles County, CA"
Executive Assistant,Confidential,"Los Angeles, CA"
Sr. Account Executive (Southeast),Tealium,United States
Clinical Social Worker (MSW) - Pediatrics (GI),UVA Health,"Charlottesville, VA"
Nursing Professional Development Specialist - Wage/PRN,UVA Health,"Charlottesville, VA"
Sr. Software Engineer - (Full Stack),"Everest Consultants, Inc.","Los Angeles, CA"
Accounts Payable Manager,Tatum by Randstad,"Denver, CO"
Office Assistant,"HR Options, Inc.","Concord, CA"
TEMPORARY LIFE SCIENCE CONTRACTS ATTORNEY,Assigned Counsel Incorporated,United States
Sales Development Representative,Martindale-Nolo,"Alameda County, CA"
Chief Financial Officer,Robert Half,San Francisco Bay Area
Manager FP&A,Waylin Partners,"Houston, TX"
Vice President - Chief Operating Officer - Saxony,Indiana University Health,"Fishers, IN"
Data Privacy Officer,The Adecco Group,"Atlanta, GA"
Continuous Improvement Production Supervisor,Confidential,"Loganville, GA"
Reltio Business System Analyst,Numentica,"Los Angeles, CA"
"Medical Equipment Setup, CSR",Lincare,"Independence, MO"
Customer Service Rep,Lincare,"Whitesburg, KY"
Forklift Operator,WestRock Company,"Coal Center, PA"
Project Engineer,Akkodis,"Round Lake, IL"
Process Improvement Consultant,The Adecco Group,"Beaverton, OR"
Sales Specialist,,United States
Facilities Manager,Portage District Library,"Portage, MI"
Oracle Business Analyst,Calfus Inc.,"Seattle, WA"
Laboratory Instructor,Rising Aviation High School,"Addison, TX"
Reltio Business System Analyst,aKUBE,"Los Angeles, CA"
Client Sales & Intake Coordinator,South Atlanta Injury Lawyers,"Jonesboro, GA"
Wealth Management Assistant,Tompkins Financial Advisors,"Ithaca, NY"
Senior Software Engineer,Prestige Staffing,"New York, NY"
"Product Manager, App Execution for a Global Automotive Company in Torrance, CA",OSI Engineering,"Torrance, CA"
Technical Writer,Aequor,"New Albany, OH"
Sr. Digital Product Owner for a Global Automotive Company in ,OSI Engineering,"Torrance, CA"
Chief Financial Officer,Confidential,"El Segundo, CA"
Enterprise Architect Telecom,ESB Technologies,Dallas-Fort Worth Metroplex
Security Guard,Lincare,"Clearwater, FL"
Program Associate - Community Engagement,Davis Phinney Foundation,"Louisville, CO"
Packer Feeder,WestRock Company,"Dallas, TX"
Field Engineer | AR Tech | Aerospace | Defense | Series B,Intelletec,"Orlando, FL"
Technical Designer,Fourth Floor,"Torrance, CA"
Lead Java Developer,Compunnel Inc.,"Columbus, OH"
Registered Nurse,Woodland Manor Nursing and Rehabilitation,"Elkhart, IN"
Senior Application Security Engineer,Eigen Labs,"Seattle, WA"
"Member, Board of Directors",Empower Missouri,"Missouri, United States"
Accounts Payable Specialist,Pacific Staffing,"Roseville, CA"
Senior Accountant,Ledgent,"Hayward, CA"
Scrum Master / Product Owner,EduRun Group,"Houston, TX"
CNA Course Instructor,Quality Career Pathways: Medical Certification School,"Omaha, NE"
Administrative Assistant,,"Huntington Beach, CA"
Restaurant Team Member,Papa Johns,Greater Jefferson City Area
Financial Representative,"Transamerica Financial Advisors, Inc.","San Jose, CA"
Diesel Mechanic/Technician I - Experienced,Penske Truck Leasing,"Orlando, FL"
Truck Driver - CDL Class A - Penske Logistics,Penske Logistics,"Amarillo, TX"
Truck Driver - CDL Class B - Penske Logistics,Penske Logistics,"Odessa, TX"
Truck Driver - Local Class B - Penske Logistics,Penske Logistics,"Charleston, WV"
Diesel Technician/Mechanic III - Entry Level,Penske Truck Leasing,"Las Vegas, NV"
Technical Manager,Adecco,"Buffalo, NY"
Substitute Teacher-Long Term,Douglas County School District,"Parker, CO"
Help Desk Supervisor,SmartSource Technical Solutions,"Dayton, OH"
Manufacturing Engineering Manager,SKF Group,"St Louis, MO"
Heat Treat Manager,SKF Group,"Falconer, NY"
Project Manager,Irvine Technology Corporation,Las Vegas Metropolitan Area
Vice President of Business Development,Aevevo Technology,"New York, NY"
QA/QE LEAD,Logisoft Technologies Inc.,"Richardson, TX"
Production Team Member,WestRock Company,"Wakefield, MA"
HR and Operations Manager,Scion Staffing,San Francisco Bay Area
Power Supply System(PSS) Electrical Engineer in Southern Engineer ,OSI Engineering,"Santa Barbara County, CA"
Medical Administrative Assistant,,"Pearl River, NY"
Sr. SAP SD OTC Consultant,Tranzeal Incorporated,"San Jose, CA"
Vehicle Dynamics and Control Engineer for Hybrid eVTOL in Southern California ,OSI Engineering,"Santa Barbara County, CA"
Human Resources Manager,Provision People,"West Memphis, AR"
Information Technology Project Coordinator,Wimmer Solutions,"Seattle, WA"
IT Buyer / Strategic  Sourcing Manager,Adecco,"Atlanta, GA"
Credit Collection Analyst,"First Tek, Inc.","New York, United States"
Accountant,LHH,"San Diego, CA"
Ophthalmic Technician,EyeCare Partners,"Holland, MI"
Accounting Manager,Insight Global,Kansas City Metropolitan Area
Document and Records Management Specialist ,Randstad Life Sciences US,Atlanta Metropolitan Area
Repair Technician,,"Fulshear, TX"
Senior Environment Health Safety Engineer,Jabil,Atlanta Metropolitan Area
Outside Golf Operations (Bag Staff),Eagle Springs Golf Club,"Wolcott, CO"
Shift Leader,Papa Johns,Greater Jefferson City Area
Project Cost Controller,EPITEC,"Jackson, MI"
Diesel Technician/Mechanic II,Penske Truck Leasing,"Ocala, FL"
Sales Manager: Oil and Gas - Texas,Midwest Filtration,"Texas, United States"
Teacher - Grade 6,Douglas County School District,"Parker, CO"
Social Worker,North Arkansas Regional Medical Center,"Harrison, AR"
People Operations Associate,California Academy of Sciences,San Francisco Bay Area
Senior Accountant - BSC (Hybrid),Exelon,"Chicago, IL"
Industrial Sales Engineer,Adecco Permanent Recruitment,"Indiana, United States"
Seal Product Design Engineer,SKF Group,"Elgin, IL"
Machine Operator,SKF Group,"Dexter, MI"
Insurance Sales Representative,Global Financial Impact,United States
Staff Psychologist,California Department of Human Resources (CalHR),"Sacramento, CA"
Senior Cost/Operations Research Lead,Air Force Civilian Service,"Montgomery, AL"
Sales Account Executive,270 Media LLC,"Mill Valley, CA"
Sensors Engineer,WindBorne Systems,"Palo Alto, CA"
"Medical Equipment Setup, CSR",Lincare,"Springfield, MO"
Associate Attorney,,"Waukesha, WI"
Environmental Compliance Inspector,Valley Sanitary District,"Indio, CA"
Warehouse Associate,IQBAR,"Kenosha, WI"
Assistant Plant Manager,"Wing Inflatables, Inc.","Arcata, CA"
Life Insurance Agent,TransGlobal Holding Co.,"Garden Grove, CA"
Management Trainee Program,Greentech Renewables Norcal Division,"Hayward, CA"
"Director of Operations, Wellness Office",PHYSIOVICTORY Physical Therapy Redefined,"Conroe, TX"
Corporate Controller,Talent Elite Group,"California, United States"
Lead UX Strategist,The Adecco Group,"Chicago, IL"
Quality Assurance Technician,"Utz Brands, Inc.","Berlin, PA"
Litigation Attorney,VOYlegal,"Allentown, PA"
Medical Scheduler,Ultimate Staffing,"Santa Ana, CA"
Business Development Manager - US,ClimateCare ,"South Carolina, United States"
General Manager,Papa Johns,"Junction City, AR"
Shift Leader,Papa Johns,"Orange City, IA"
Fleet Car Delivery Driver,Papa Johns,"Lexington, NE"
Research Assistant,Palo Alto VA Hospital,"Palo Alto, CA"
Diesel Mechanic/Technician I - Experienced,Penske Truck Leasing,"Hayward, CA"
Truck Driver - Local Class A - Average $85000 Annually - Penske Logistics,Penske Logistics,"Lumberton, NJ"
Diesel Technician/Mechanic III - Entry Level,Penske Truck Leasing,"Duluth, GA"
Sales and Operations Management Trainee,Penske Truck Leasing,"El Centro, CA"
Diesel Technician/Mechanic III - Entry Level,Penske Truck Leasing,"Livermore, CA"
Shipping & Receiving Clerk - 1st Shift,Penske Logistics,"Mesa, AZ"
Sales and Operations Management Trainee,Penske Truck Leasing,"Bakersfield, CA"
Reporting Analyst - 79249,Swoon,Greater Seattle Area
Substitute - Program Aide - BASE,Douglas County School District,"Parker, CO"
CNC Operator 2nd Shift,SKF Group,"Hanover, PA"
Design Engineer,SKF Group,"Hanover, PA"
Heat Treat Operator,SKF Group,"Muskegon, MI"
Store Manager,The Guitar Center Company,"Farmers Branch, TX"
"Director, SEO",The Guitar Center Company,"Westlake Village, CA"
Senior Buyer,Tetra Pak,"Vernon Hills, IL"
Emergency Medical Technician,Spirit EMS,"Lafayette, IN"
"Store Manager - Redwood Falls, MN",Casey's,"Redwood Falls, MN"
"Store Manager - Bowling Green, KY",Casey's,"Bowling Green, KY"
2024-2025 - GENERAL RESOURCE ROOM TEACHER - VALLEY HS,Clark County School District,"Las Vegas, NV"
"Ready Mix Driver, Altaview - Kilgore",Summit Materials,"Eagle Mountain, UT"
Legal Assistant (Legal Access Officer),Federal Bureau of Prisons - Career Connections,"Chicago, IL"
Procurement Analyst,California Department of Managed Health Care,"California, United States"
"Retail, Sales Associate",Crocs,"West Palm Beach, FL"
Customer Service Rep,Lincare,"Lexington, KY"
Customer Service Rep,Lincare,"Batesville, MS"
Stacker,WestRock Company,"Tulare, CA"
Registered Dental Hygienist,Synergy Dental Group,"Sonoma, CA"
Brand Ambassador,Fort Point Beer Company,San Francisco Bay Area
IP Litigation Paralegal (39837),Estrin Legal Staffing,Dallas-Fort Worth Metroplex
Community Manager,Milestone Property Management,"Portland, Oregon Metropolitan Area"
Technical Design Manager,Fourth Floor,Los Angeles Metropolitan Area
Director of Development,Safeguard Global Recruiting,"Marin County, CA"
Digital Marketing Specialist - Pets,Monolith,"Indiana, United States"
"Ophthalmic Technician - Walker, Day Shift",EyeCare Partners,"Walker, MI"
Accounts Payable Specialist,Partners Personnel,"San Diego, CA"
Associate Attorney - Estate Planning,,"San Francisco, CA"
Electrical Engineer,"CultivaHR, LLC","McKinney, TX"
Physical Therapist,Functional Performance Physical Therapy Center,Denver Metropolitan Area
Experiential Education Coach,Embarc,"Chicago, IL"
Controls Engineer,Align Production Systems,"Decatur, IL"
Shift Leader,Papa Johns,"Raleigh, MS"
Loan Officer - Spectrum,NOVA® Home Loans,"Scottsdale, AZ"
Truck Driver - Hiker/Vehicle Transporter/CDL - Part Time,Penske Truck Leasing,"Oklahoma City, OK"
Truck Driver - Hiker/Vehicle Transporter/CDL - Part Time,Penske Truck Leasing,"Salina, KS"
Customer Service Representative Fueler/Washer,Penske Truck Leasing,"Orlando, FL"
Human Resources Business Partner,HR Exec Recruiting Firm,"West Hollywood, CA"
"Business Controlling, Full Value Chain Americas",SKF Group,"Blue Bell, PA"
Underground Electrician,Northern Star Resources – Pogo Mine,"Delta Junction, AK"
Staff Psychologist,California Department of Human Resources (CalHR),"Santa Clara County, CA"
AVP & Assistant General Ledger Manager,First Hawaiian Bank,"Honolulu, HI"
GC Retail Store Lead Store 834,The Guitar Center Company,"Hagerstown, MD"
GC Retail Store Lead Store 363,The Guitar Center Company,"Country Club Hills, IL"
"Director, Employee Availability &amp; Labor Cost/Absentee Control",Metropolitan Transportation Authority,"New York, NY"
Crash Data Analyst,Maricopa County,"Phoenix, AZ"
"2024-2025 Kindergarten Teacher - Kelly, Matt ES",Clark County School District,"Las Vegas, NV"
2024-2025 Math Teacher- Desert Oasis HS,Clark County School District,"Las Vegas, NV"
Graphic Designer,VeSync (US),"Tustin, CA"
Haul Truck Driver,Summit Materials,"Highland, UT"
Director of Accounting,Robert Half,"Los Angeles, CA"
Craftsperson- Maintenance,FMC Corporation,"Newark, DE"
HVAC Technician,FMC Corporation,"Newark, DE"
Folder Gluer Operator - Entry,WestRock Company,"Plainfield, NJ"
Dental Territory Sales Manager,PreXion CBCT,Greater Houston
VMS Electronics Engineer in Southern CA ,OSI Engineering,"Santa Barbara County, CA"
Human Resources Business Partner,Confidential,"Fredericksburg, VA"
"Design Engineer (CATIA) for a global automotive company in Raymond, OH",OSI Engineering,"Raymond, OH"
Plant Controller,Provision People,"Solon, OH"
Licensed Psychotherapist,Michelle Harwell Therapy,"Los Angeles, CA"
eCommerce Customer Service ,Fourth Floor,"Downey, CA"
Bar Manager,,"Effingham, IL"
Product Graphic Designer,Kanten Solutions,San Francisco Bay Area
Cloud Engineer,Harvey Nash,United States
Labor and employment litigation associate,"Levenson Schweitzer Attorney Placement, Inc.","San Francisco, CA"
Diesel Technician/Mechanic III - Entry Level,Penske Truck Leasing,"Portland, OR"
Truck Driver - CDL Class A - Penske Logistics,Penske Logistics,"Houston, TX"
Quality Supervisor,SKF Group,"Sumter, SC"
VP of Digital Enablement and Technology,SKF Group,"Blue Bell, PA"
Assistant Controller,SKF Group,"Winsted, CT"
Store Manager,The Guitar Center Company,"Arlington, TX"
701 WAREHOUSE OPERATOR-JAX (26000116),Volvo Group,"Jacksonville, FL"
Accounting Clerk,"Freedom, Inc.",San Diego Metropolitan Area
2024 - 2025 Physical Education Teacher BENNETT ES,Clark County School District,"Laughlin, NV"
Maintenance Technician,Associa,"Aurora, CO"
"Hardcore Dataplane Software Engineer. If you think like a packet, this job is for you!",Hedgehog,United States
Sales Manager - PA or Southern NJ,WestRock Company,"Lancaster County, PA"
Process Improvement Consultant,The Adecco Group,"Phoenix, AZ"
Accounting Human Resources Manager,Career Group,"Gardena, CA"
Senior Technical Recruiter,The Adecco Group,"McLean, VA"
Marketing Content Manager,Freespira,Greater Seattle Area
Ophthalmic Technician - East Beltline,EyeCare Partners,"Grand Rapids, MI"
Accountant,Pacific Staffing,"Sacramento, CA"
Customer Service Representative,Pacific Guardian Life,"Honolulu, HI"
Program Project Manager,"Wing Inflatables, Inc.","Arcata, CA"
Head of Product,"The Postage, Inc.",United States
Probate and Administration Paralegal,RADER & COLEMAN PL,"Boca Raton, FL"
Marketing Operations Specialist,The Sage Group,Greater Chicago Area
CEO - All Services App (On-demand),Algosrus.com,United States
Business Development Specialist-Mandarin Speaking,HungryPanda Ltd 熊猫外卖,"Champaign, IL"
Employee Benefits Account Manager Team Lead,Inszone Insurance Services,"Schaumburg, IL"
Entry Level Marketing Representative,Andiamo,"Austin, TX"
Customer Service Representative Fueler/Washer,Penske Truck Leasing,"Sacramento, CA"
Advertising Sales Representative,"911MEDIA, a division of Trade News International, Inc.","Burbank, CA"
"Sr. Director, Total Rewards",YETI,"Austin, TX"
Fluorescent Penetrant Inspector,SKF Group,"Winsted, CT"
Manufacturing Engineer,SKF Group,"Dexter, MI"
Regional Technical Specialist,SKF Group,"Cincinnati, OH"
Visual Inspector,SKF Group,"Dexter, MI"
Treasury and Payout Operations Manager,BlueSnap,"Waltham, MA"
Robotics Software Engineer - Perception,ViaBot,"Sunnyvale, CA"
GC Retail Store Lead Store 833,The Guitar Center Company,"Laurel, MD"
Legal Assistant,"Campbell Law, P.C.","Crown Point, IN"
2024-2025 Study Skills Teacher MS - KELLER MS,Clark County School District,"Las Vegas, NV"
2024-2025 Grade 3 Teacher - WHITNEY ES,Clark County School District,"Las Vegas, NV"
Dental Assistant,Benevis,"Biloxi, MS"
Human Resources Supervisor (On-site),Schreiber Foods,"Carthage, MO"
Legal Assistant (Legal Access Officer),Federal Bureau of Prisons - Career Connections,"SeaTac, WA"
Supply Chain Analyst,The Adecco Group,"Round Lake, IL"
Facilities Maintenance Supervisor,,"Missoula, MT"
Information Technology Support Specialist,Robert Half,"Malvern, PA"
".Net Architect - Seattle, WA (Hybrid)",LTIMindtree,"Seattle, WA"
Validation Specialist,Portal Insulin LLC,"Carlsbad, CA"
"Civil Litigation Associate Attorney (30+ hrs/wk, Contract)","Wood Litigation, APC","California, United States"
Operations Associate,"CultivaHR, LLC","Allen, TX"
Software Engineer,LemaTech LLC,United States
Humanities Teacher,Filo,United States
DNA Analyst,"Adams County Sheriff's Office, Colorado","Commerce City, CO"
Delivery Driver,Papa Johns,Greater Jefferson City Area
Senior Accountant,Safeguard Global Recruiting,"Salt Lake City, UT"
Financial Analyst,,"Ewa Beach, HI"
Truck Driver - Local Class B - Penske Logistics,Penske Logistics,"Bordentown, NJ"
General Counsel,Mondee,"Austin, Texas Metropolitan Area"
Sales and Operations Management Trainee,Penske Truck Leasing,"Indianapolis, IN"
Customer Service Representative Fueler/Washer,Penske Truck Leasing,"Orlando, FL"
Materials Planner,BRP,"St Peter, MN"
Intake and Admissions Specialist,Department of Behavioral Health and Developmental Services,"Staunton, VA"
Teacher -Mathematics - High,Douglas County School District,"Parker, CO"
Metallurgist,SKF Group,"Sumter, SC"
2nd Shift Machine Operator,SKF Group,"Hanover, PA"
Manufacturing Engineer,SKF Group,"Ladson, SC"
Design Engineering Manager,Adecco Permanent Recruitment,Kansas City Metropolitan Area
Information Technology Support Technician,SecureKloud Technologies,"Los Angeles, California, United States"
Influencer Marketing Project,Stealth Mode Start-up,"New York, NY"
Interim Infection Preventionist,AMN Healthcare Leadership Solutions,"Carmichael, CA"
"Ready Mix Driver, Altaview - Kilgore",Summit Materials,"Springville, UT"
Sales Executive,airx health,United States
Athletic Trainer,LMR Technical Group,"Tucson, AZ"
Legal Assistant (Legal Access Officer),Federal Bureau of Prisons - Career Connections,"Houston, TX"
Elementary Music Teacher,Des Moines Public Schools,"Des Moines, IA"
New Home Sales Consultant,New Home Star,"Washington, DC"
Restaurant Team Member,Papa Johns,"Junction City, AR"
Executive Assistant,,United States
Truck Driver - Local Class A - Average $78000 Annually - Penske Logistics,Penske Logistics,"Winchester, KY"
Truck Driver - CDL Class A - $90000 Annually - Penske Logistics,Penske Truck Leasing,"Dupont, WA"
Lead Warehouse Worker- 3rd Shift,Penske Logistics,"Louisville, KY"
Diesel Technician/Mechanic III - Entry Level,Penske Truck Leasing,"Plymouth, MI"
Human Resources Generalist,,"Ewa Beach, HI"
Senior Accountant,Agency 720,Detroit Metropolitan Area
Production Planner,SKF Group,"Hanover, PA"
Staff Psychologist,California Department of Human Resources (CalHR),"San Diego County, CA"
Litigation Associate Attorney,Elevate Law Group,"Lake Oswego, OR"
GC Retail Instructor Store 227,The Guitar Center Company,"Fresno, CA"
GC Retail Sales Associate Store 133,The Guitar Center Company,"Reno, NV"
Registered Nurse,The New York Foundling,"Brooklyn, NY"
Unity Engineer I,MobilityWare,"Irvine, CA"
Initial Appearance Attorney-Nighttime,Maricopa County,"Phoenix, AZ"
2024-2025 Kindergarten Teacher - Wright ES,Clark County School District,"Las Vegas, NV"
Dental Assistant,Benevis,"Wichita Falls, TX"
Patient Coordinator - Bilingual,Benevis,"Biloxi, MS"
"Ready Mix Driver, Altaview - Kilgore",Summit Materials,"Manti, UT"
"Manager, Retail Retention & Recognition Programs",Hyundai Motor America,"Fountain Valley, CA"
Marketing Intern,,United States
Summer Intern- Chemistry Field Testing (travel involved); Colorado based,Hach,"Denver, CO"
Staff Psychologist,California Department of Human Resources (CalHR),"Alameda, CA"
Accounting Manager,Archaeological Institute of America,"Boston, MA"
"Patient Services Representative - Patient Access Center - Edinburg, TX",Alpine Physician Partners,"Edinburg, TX"
Insurance Agent,,Los Angeles Metropolitan Area
"Store Manager - Hannibal, MO",Casey's,"Hannibal, MO"
2024-2025- Social Studies Teacher-Northeast Career and Technical Academy,Clark County School District,"Las Vegas, NV"
Interim VP of Patient Care Services/CNO,AMN Healthcare Leadership Solutions,"Ketchikan, AK"
Security Officer,Associa,"Temecula, CA"
Training Instructor (Vocational Training Instructor - CDL),Federal Bureau of Prisons - Career Connections,"Jonesville, VA"
Endocrinology,Piedmont,"Fayetteville, GA"
Retail Merchandising Intern,Crocs,"Westwood, MA"
Maintenance Generalist,The Wise Seeker,"Iowa, United States"
"Senior Manager, Billing Operations – Remote",Paycor,United States
Sanitation Associate I,Schwan's Company,"Salina, KS"
Sanitation Associate I,Schwan's Company,"Salina, KS"
"Senior Accountant (↑ growth $30M svc co | WFH - ambitious, dynamic, & bright)",Alliance Resource Group,"Santa Monica, CA"
Intern: Marketing Finance and Operations (Summer 2024),Volvo Construction Equipment,"Shippensburg, PA"
"Store Manager - Glenwood, MN",Casey's,"Glenwood, MN"
2024-2025 - BIOLOGICAL SCIENCE TEACHER - VALLEY HS,Clark County School District,"Las Vegas, NV"
2024-2025 - GENERAL RESOURCE ROOM TEACHER - VALLEY HS,Clark County School District,"Las Vegas, NV"
Construction Superintendent,Associa,United States
Escrow Officer,Associa,"San Antonio, TX"
Escrow Assistant,Associa,"Austin, TX"
Interim Chief Operations Officer/ Operations Consultant,AMN Healthcare Leadership Solutions,"Milwaukee, WI"
FT - RN Case Manager (Fort Worth area) - Elysian Hospice Dallas,Cantex,"Addison, TX"
"Major Market Sales Executive, Field – Salt Lake City",Paycor,"Salt Lake City, UT"
Personal Assistant,HIGH GOLD INC.,United States
New Home Sales Consultant,New Home Star,"Capitol Heights, MD"
"Analyst, Technical Services (PO) (A) - 516318",Tennessee Valley Authority,"West Paducah, KY"
Clinical Nurse - Ambulatory,Phoenix Children's,"Phoenix, AZ"
"Finance Manager, Capital Improvements",Veolia North America,"Paramus, NJ"
Merchandiser,Schwan's Company,"San Diego, CA"
Machine Operator II - 2nd Shift,Schwan's Company,"Florence, KY"
Sanitation II - 3rd Shift,Schwan's Company,"Florence, KY"
Full-Time Merchandiser,Schwan's Company,"Tallahassee, FL"
Sr. Automation Designer,Ashley Furniture Industries,"Advance, NC"
Client Support Specialist,Zelis,"St Louis, MO"
Associate Director Market Research,Planet Pharma,United States
Workforce Program Specialist,Palm Beach State College,"Lake Worth, FL"
Production Supervisor - 2nd shift,Schwan's Company,"Salina, KS"
Sanitation Associate II - 3rd Shift,Schwan's Company,"Florence, KY"
Audit & Risk Manager,Schwan's Company,"Marshall, MN"
Food Safety Quality - 1st Shift,Schwan's Company,"Florence, KY"
Client Service Associate - Real Estate,Moss Adams,"Healdsburg, CA"
Administrative Assistant (140204),Atrium,"New York, NY"
Senior Human Resources Business Partner,CooperSurgical,"Trumbull, CT"
Entry-Level Structural Engineer,Sargent & Lundy,"Hamilton, NJ"
Local Landscaping / Excavation Business looking for more hands,Upstate Land FIX,"Ithaca, NY"
"Major Market Sales Executive, Field – Gaithersburg, MD",Paycor,"Gaithersburg, MD"
Independent Jeweler,,"Fullerton, CA"
Police Officer,Pasadena City College,"Pasadena, CA"
Senior Software Engineer,Paycor,United States
Crop Insurance Account Manager,The Jonus Group,"Woodland, CA"
House Attendant - Soho House Austin,Soho House & Co,"Austin, TX"
Sanitation Supervisor,Schwan's Company,"Stilwell, OK"
Production Supervisor - 1st Shift,Schwan's Company,"Salina, KS"
Experienced Compliance Review - Analytics Support,Gainwell Technologies,"Roseville, CA"
Media and Public Relations Coordinator (140200),Atrium,"New York, NY"
Electrical/I&C Engineer (PO) (B) - 516344,Tennessee Valley Authority,"West Paducah, KY"
Nurse Specialty Care Coord,Phoenix Children's,"Phoenix, AZ"
Sanitation II - 3rd Shift,Schwan's Company,"Florence, KY"
Accounting Manager (140219),Atrium,"Andover, MA"
Customer Service Associate (140208),Atrium,"New York, NY"
Inventory Planner (140193),Atrium,"New York, NY"
Vendor Relationship Specialist,Healthfirst,"New York, NY"
Safety Specialist - Energy,"Cupertino Electric, Inc.","Fairbanks, IN"
TSA Customer Service Representative,Staples Stores,"Rolling Meadows, IL"
Product Analyst,Heartland,"Oklahoma City, OK"
Assistant Store Manager,Staples Stores,"Cartersville, GA"
Customer Service Representative,Maxcess,"Eureka, MO"
New Resident Coordinator,Sunrise Senior Living,"McLean, VA"
Distribution Center Inventory Control Associate,NAPA Auto Parts,"South Plainfield, NJ"
Facilities Engineering Internship,Ingersoll Rand,"Mocksville, NC"
CNC Machine Operator,Ingersoll Rand,"Springfield, MO"
Territory Sales Manager,Ingersoll Rand,United States
Material Handler - 1st Shift,Ingersoll Rand,"Southern Pines, NC"
Quality Technician I,Ingersoll Rand,"Southern Pines, NC"
Materials Manager,Ingersoll Rand,"West Chester, PA"
Part Time Accounts Receivable Analyst,Ingersoll Rand,"Quincy, IL"
Quality Engineer,Ingersoll Rand,"Sedalia, MO"
Nurse - RN - Labor and Delivery / L&D,Solomon Page,"Newberg, OR"
Maintenance Shop Technician A,Republic Services,"Jenison, MI"
Senior Software Engineer,Ziff Davis Shopping,"Austin, TX"
Experienced Pre and Post-Op,Phoenix Children's,"Phoenix, AZ"
Formula & Milk Technician I,Phoenix Children's,"Phoenix, AZ"
Clinical Nurse - Ambulatory,Phoenix Children's,"Phoenix, AZ"
Clinical Nurse - Surgery,Phoenix Children's,"Phoenix, AZ"
Line Attendant - 2nd Shift,Schwan's Company,"Marshall, MN"
Full-Time Merchandiser,Schwan's Company,"Nashville, TN"
Senior Accountant,Robert Half,"Los Angeles, CA"
Paralegal (139824),Atrium,"Miami, FL"
After Sales Service Lead Ambassador,BREITLING,"Wilton, CT"
Human Resources Generalist,CooperSurgical,"Tucson, AZ"
Financial Services Professional - No Experience,Bankers Life,Miami-Fort Lauderdale Area
Financial Analyst,Himalayan Dog Chew,"Arlington, WA"
Quality Assurance Manager,Himalayan Dog Chew,"Arlington, WA"
Store Manager,Staples Stores,"Goldsboro, NC"
Cashier Associate,Southeastern Grocers,"Miami, FL"
"Trading, Summer Intern",MiQ,"Chicago, IL"
Payroll Administrator,TIME AUTO,United States
Store Delivery Driver (Part time),NAPA Auto Parts,"Sacramento, CA"
Associate Graphic Design Intern,Ingersoll Rand,"Springfield, MO"
"Service Technician - Centrifugal (Austin, TX)",Ingersoll Rand,"San Antonio, TX"
Sales Development Internship - Nationwide (Summer '24),Ingersoll Rand,"Davidson, NC"
Area Sales Manager,Ingersoll Rand,"Edison, NJ"
Service Technician,Ingersoll Rand,"Menomonee Falls, WI"
Service Technician,Ingersoll Rand,"Trussville, AL"
Mechanical Engineer,Ingersoll Rand,"Lenexa, KS"
Southern Pines HR Manager,Ingersoll Rand,"Southern Pines, NC"
Human Resources Coordinator,Planet Pharma,"South San Francisco, CA"
NLP/data science/Data Analysis(Intern apr 30),Data Glacier,United States
Staff Nurse (RN) - Per Diem,Satellite Healthcare / WellBound,"Sacramento, CA"
NFL Stadium - Event Client Account Manager,Allied Universal,"Pittsburgh, PA"
Nurse - LPN - LTC,Solomon Page,"Albuquerque, NM"
Nurse - RN - Med Surg,Solomon Page,"Kula, HI"
Network Engineer,"V-Soft Consulting Group, Inc.","Schaumburg, IL"
Project Coordinator,ARCO/Murray,"Downers Grove, IL"
Community Resource Center Specialist II,L.A. Care Health Plan,"Los Angeles, CA"
Community Resource Center Specialist II,L.A. Care Health Plan,"Los Angeles, CA"
Lead Community Resource Center,L.A. Care Health Plan,"Los Angeles, CA"
Senior Employee Experience Manger,Paycor,United States
Employee Benefits Assistant Account Manager,The Jonus Group,"Atlanta, GA"
Clinical Nurse Attending CVICU,Phoenix Children's,"Phoenix, AZ"
RN-New Grad- Hire Ahead,Phoenix Children's,"Phoenix, AZ"
HR Business Partner,Veolia North America,"Sauget, IL"
Part-Time Merchandiser,Schwan's Company,"Delano, CA"
Sanitation Associate I,Schwan's Company,"Salina, KS"
"Maintenance Technician - San Jose, CA",Blueground,"San Francisco, CA"
Dental Care of Michigan - FT Dental Hygienist,North American Dental Group (NADG),"Hazel Park, MI"
Marketing Manager,Giordano's - Famous Stuffed Pizza,"Chicago, IL"
Stylist - 7FAM,7 For All Mankind,"Livermore, CA"
Assistant Store Manager,Staples Stores,"Fairfield, CA"
Data Analyst,Acro Service Corp,"Orlando, FL"
Store Counter Sales,NAPA Auto Parts,"Vernon, CT"
Store Delivery Driver (Part time),NAPA Auto Parts,"Salisbury, MD"
Service Technician,Ingersoll Rand,"Elmhurst, IL"
AR/Collections Coordinator III,Ingersoll Rand,"Quincy, IL"
VP Human Resources-PST Segment,Ingersoll Rand,"Davidson, NC"
Sourcing Engineer,Ingersoll Rand,"Springfield, MO"
Supplier Quality Engineer,Ingersoll Rand,"Alsip, IL"
Sourcing Intern,Ingersoll Rand,"Sedalia, MO"
Customer Service Technician,Ingersoll Rand,"Quincy, IL"
CNC Work Group 2,Ingersoll Rand,"Connersville, IN"
Regulatory Compliance Specialist,HF Sinclair,"Dallas, TX"
CT Technologist - Radiology,Solomon Page,"Newport, RI"
Nurse - RN - Postpartum,Solomon Page,"Bronx, NY"
Nurse - RN - ICU,Solomon Page,"St Louis, Missouri, United States"
Custodian,"SBM Management Services, LP","Santa Clara, CA"
Operations Manager,The Jonus Group,"Blackfoot, ID"
"Director for EHS (Environmental, Health, Safety and Quality Assurance) ",Parsons Corporation,"Albany, New York Metropolitan Area"
Wastewater Mechanic,Veolia North America,"Riverside, RI"
.NET Developer expertise in Web Services,Gainwell Technologies,"Montana, United States"
Sanitation Associate I,Schwan's Company,"Salina, KS"
"Maintenance Technician - Hayward, CA",Blueground,"San Francisco, CA"
Financial Services Professional ,Bankers Life,Greater Tampa Bay Area
Retail Sales Associate,Staples Stores,"Longmont, CO"
"Senior Software Engineer, Workday",Coinbase,"San Francisco, CA"
Senior Backend Services Developer - Remote,Perficient,United States
Store Delivery Driver,NAPA Auto Parts,"High Point, NC"
Assistant Store Manager,NAPA Auto Parts,"Greensboro, NC"
Store Delivery Driver,NAPA Auto Parts,"Indianapolis, IN"
HQ District Sales Manager,NAPA Auto Parts,United States
Service Technician,Ingersoll Rand,"Kansas City, MO"
Mechanical Assembler,Ingersoll Rand,"Trussville, AL"
Tear Down Technician,Ingersoll Rand,"St Peters, MO"
Vertical Marketing Manager,Ingersoll Rand,"Hampton, NJ"
Product Support Engineer,Ingersoll Rand,"Hampton, NJ"
Sales Development Intern,Ingersoll Rand,"Bryan, OH"
Inside Sales Specialist,Ingersoll Rand,"Davidson, NC"
Account Manager - Light Industrial,Ingersoll Rand,"Shrewsbury, PA"
Sales Representative - Dearing Compressor & Pump Co.,Ingersoll Rand,"New Castle, PA"
CPS Service Technician,Ingersoll Rand,"Davidson, NC"
"Compressed Air System, IoT Field Engineer",Ingersoll Rand,"Aurora, CO"
Inside Sales and Service Representative,Ingersoll Rand,"East Syracuse, NY"
Data Science intern ( Apr 30),Data Glacier,United States
Staff Nurse (RN) - Part Time,Satellite Healthcare / WellBound,"Sacramento, CA"
Software Release Engineer (Java/React/Node) - FinTech Exchange Startup,"Kelley Clarke, PC",United States
Nurse - RN - LTC - Manager,Solomon Page,"Lebanon, PA"
Talent Acquisition Partner,Republic Services,"Arlington, TX"
Community Resource Center Specialist III,L.A. Care Health Plan,"Long Beach, CA"
Assistant Store Manager,NAPA Auto Parts,"Des Moines, IA"
Planning/Store Planning - Intern,Lucky Brand,"New York, NY"
Store Manager - Fashion Show Mall,POP MART,"Las Vegas, NV"
Maintenance Mechanic,CMC,"Belvidere, IL"
CA Ocean Conservation Policy Manager,Monterey Bay Aquarium,"Monterey, CA"
Senior Software Engineer,MIB,"Braintree, MA"
Retail Merchandising & Inventory Supervisor,Staples Stores,"Lexington, KY"
Senior Cloud DevOps Engineer - Remote,Perficient,United States
Store Delivery Driver,NAPA Auto Parts,"Paso Robles, CA"
Store Counter Sales,NAPA Auto Parts,"Winston-Salem, NC"
Store Delivery Driver (Part time),NAPA Auto Parts,"Hemet, CA"
Mechanical Assembler,Ingersoll Rand,"St Peters, MO"
Service Technician,Ingersoll Rand,"Tonawanda, NY"
Customer Service Operations Leader,Ingersoll Rand,"Norcross, GA"
Material Handler - 1st Shift,Ingersoll Rand,"Sidney, OH"
"Senior Financial Analyst, FP&A- Hybrid",Ingersoll Rand,"Davidson, NC"
Account Manager - General Line,Ingersoll Rand,"Norcross, GA"
Part Time Collections Coordinator III,Ingersoll Rand,"Quincy, IL"
Surgical Technologist - Operating Room,Solomon Page,"Medford, OR"
Nurse - RN - Labor and Delivery / L&D,Solomon Page,"Oregon City, OR"
Medical Assistant,Solomon Page,"Santa Monica, CA"
Nurse - RN - ICU,Solomon Page,"St Louis, Missouri, United States"
Laborer,,Las Vegas Metropolitan Area
Physical Therapist / PT - Rehab,Solomon Page,"Ossining, NY"
Truck Shop Supervisor 2nd shift,Republic Services,"Greensboro, NC"
Radiographic Technician,Element Materials Technology,"West Rancho Dominguez, CA"
"Manager- Diversity, Equity & Inclusion (DEI)",Community Transit,"Everett, WA"
Lead Community Resource Center,L.A. Care Health Plan,"Long Beach, CA"
Assistant Site Manager,"SBM Management Services, LP","Lone Tree, CO"
Health Care Guide I/CC,Partnership HealthPlan of California,"Sonoma County, CA"
"HR Generalist, US",21.co,"New York, NY"
Cake Decorator,Lucy Pearls,"Houston, TX"
Account Manager - 1438,FloodGate Medical,"Nashville, TN"
Sterile Processing Technician I,STERIS,"Chicago, IL"
Sales Assistant,Claire's,"Bloomington, MN"
State and Local Tax Senior - Sales Tax,Moss Adams,"Dallas, TX"
Account Executive (140198),Atrium,"New York, NY"
"Customer Success Manager, Donor Gamete Services",CooperSurgical,United States
"Technician 1, Hematology (Evening)",CooperSurgical,"Tucson, AZ"
Safety Specialist - Energy,"Cupertino Electric, Inc.","Jean, NV"
Investment and Treasury Officer,City of Ontario,"Ontario, CA"
"Director, IT Support Engineering",Coinbase,"Washington, DC"
Retail Sales Print & Marketing Associate,Staples Stores,"Philadelphia, PA"
Retail Sales Technology Supervisor,Staples Stores,"Nampa, ID"
Store Delivery Driver,NAPA Auto Parts,"Groveland, FL"
Order Management Specialist,Ingersoll Rand,"Quincy, IL"
CARE Contract Manager,Ingersoll Rand,"Davidson, NC"
Service Technician,Ingersoll Rand,"Tonawanda, NY"
Entry Level Manufacturing Positions,Ingersoll Rand,"Ivyland, PA"
Material Handler I,Ingersoll Rand,"Southern Pines, NC"
Centrifugal Service Technician,Ingersoll Rand,"Asheville, NC"
Production Supervisor,Ingersoll Rand,"Alsip, IL"
National Retail Account Manager,Ingersoll Rand,"Davidson, NC"
Documentation Control,Ingersoll Rand,"Burbank, CA"
Production Scheduler - 1st Shift,Ingersoll Rand,"Ivyland, PA"
HR Generalist,Ingersoll Rand,"Southern Pines, NC"
Sr. Cost Accountant,Ingersoll Rand,"Campbellsville, KY"
Nurse - LPN - LTC,Solomon Page,"Portland, OR"
Nurse - RN - Operating Room,Solomon Page,"Newburgh, IN"
Nurse - CNA - Other,Solomon Page,"Medford, WI"
Nurse - RN - LTAC,Solomon Page,"Tulsa, OK"
Nurse - RN - First Assist,Solomon Page,"St Louis, Missouri, United States"
MRI Technologist - Radiology,Solomon Page,"Eureka, CA"
Relief Driver - CDL (B),Republic Services,"Kalamazoo, MI"
Laborer,Republic Services,"Renton, WA"
Nurse Coordinator/ UM I (LVN/RN),Partnership HealthPlan of California,"Fairfield, CA"
Business Development Associate (North America),The Game Marketer,United States
Research Data Analyst 1 (75% FTE/Hybrid Opportunity),Stanford University,"Stanford, CA"
Global Customer Support Specialist,Epsilon,"St Petersburg, FL"
Junior Groomer,Petco,"Sarasota County, FL"
Lead Sales Associate,Petco,"Poulsbo, WA"
Lead Sales Associate,Petco,"Lake Stevens, WA"
Junior Groomer,Petco,"San Ramon, CA"
Groomer,Petco,"Houston, TX"
"Store General Manager - Rockville, MD Area",Petco,"Rockville, MD"
Sales Associate,Petco,"Lodi, CA"
Vetco Veterinary Clinic Advisor – Training provided (Non-Driving Role),Petco,"West Jordan, UT"
Sales Supervisor Part Time - 7FAM,7 For All Mankind,"Livermore, CA"
Database Administrator,Heartland,"Oklahoma City, OK"
Retail Merchandising & Inventory Supervisor,Staples Stores,"Charlottesville, VA"
Assistant Store Manager,Staples Stores,"San Diego, CA"
"Sales, Summer Intern",MiQ,"Atlanta, GA"
Director of Sales,Sunrise Senior Living,"Carmichael, CA"
Area Director Business Development,Sunrise Senior Living,"Fairfield, CT"
Area Specialist,Ingersoll Rand,"Charlotte, NC"
Sourcing Manager,Ingersoll Rand,"Sidney, OH"
Inside Sales Specialist,Ingersoll Rand,"Madison Heights, MI"
Procurement Specialist,Ingersoll Rand,"Monroe, LA"
Quality Intern,Ingersoll Rand,"Buffalo, NY"
Warehouse Manager,Ingersoll Rand,"Connersville, IN"
Assembler/Tester,Ingersoll Rand,"Springfield, MO"
Account Manager (Springfield/Joplin),Ingersoll Rand,"Springfield, MO"
Precision Assembler - 2nd Shift,Ingersoll Rand,"Mocksville, NC"
Production Scheduler,Ingersoll Rand,"Sidney, OH"
Maintenance - 2nd Shift,Ingersoll Rand,"Sedalia, MO"
Senior Financial Analyst,N-able,"Burlington, MA"
Nurse - RN - LTAC,Solomon Page,"East Chicago, IN"
"Senior Director, Financial Reporting",Chamberlain Advisors,"Pennsylvania, United States"
Nurse - CNA - LTC,Solomon Page,"Siler City, NC"
Nurse - LPN - LTC,Solomon Page,"Easton, PA"
Nurse - RN - Case Management,Solomon Page,"San Leandro, CA"
Residential Truck Driver - CDL (B)-3 - RL,Republic Services,"Phoenix, AZ"
Data Engineer (SAP ECC To HANA Migration),"V-Soft Consulting Group, Inc.","Charlotte, NC"
Store Counter Sales (Part time),NAPA Auto Parts,"Sacramento, CA"
Store Delivery Driver,NAPA Auto Parts,"Buffalo, NY"
Education Specialist,Partnership HealthPlan of California,"Fairfield, CA"
Director of Planned Giving,,"Providence, RI"
Sr. Regional Sourcing Specialist,LyondellBasell,"Westlake, LA"
Supervisor/Manager Part-Time 38th and Broadway,Claire's,"New York, NY"
Real Estate Attorney,Richmond American Homes,"Denver, CO"
Administrative Associate,Stanford University,"Stanford, CA"
Technical Support Associate II - Small Electronics,Resideo,"Louisville, KY"
"Director, Marketing Automation & Operations",Epsilon,"Chicago, IL"
Warehouse Clerk,"Capstone Logistics, LLC","Mechanicsville, VA"
Forklift Operator,"Capstone Logistics, LLC","Jacksonville, FL"
Groomer,Petco,"Salem, NH"
Companion Animal Department Manager,Petco,"Birmingham, AL"
Assistant Store Manager,Petco,"Lake Zurich, IL"
Junior Groomer,Petco,"San Rafael, CA"
Dog Trainer,Petco,"Gresham, OR"
Stocker / Cashier,Petco,"Soldotna, AK"
Veterinary Assistant,Petco,"Henrietta, NY"
Package Handler - Part & Full Time (Warehouse like),FedEx Ground,"North Salt Lake, UT"
Sales Associate,Petco,"Suffolk, VA"
Remote - Software Engineer - OIPA Configurator,State Farm,"Dunwoody, GA"
Scrum Master,Deloitte,"Washington, DC"
Retail Sales Associate,Staples Stores,"Philadelphia, PA"
Maintenance Assistant,Sunrise Senior Living,"San Mateo, CA"
Assistant Store Manager,NAPA Auto Parts,"Miami, FL"
Store Delivery Driver (Part Time),NAPA Auto Parts,"Bristol, CT"
Data Science/NLP intern ( Apr 30),Data Glacier,United States
Service Technician,Ingersoll Rand,"Tonawanda, NY"
Product Specialist - Small Rotary,Ingersoll Rand,"Quincy, IL"
CNC Maintenance Mechanic,Ingersoll Rand,"Alsip, IL"
Design Engineer,Ingersoll Rand,"Sidney, OH"
Inside Sales Application Engineer II,Ingersoll Rand,"Ivyland, PA"
Service Technician - Centrifugal,Ingersoll Rand,"San Antonio, TX"
Centrifugal Force Production Supervisor,Ingersoll Rand,"Charleroi, PA"
Service Technician (Denver Metro Area),Ingersoll Rand,"Aurora, CO"
Customer Service Technician,Ingersoll Rand,"Quincy, IL"
Order Management Specialist - CARE,Ingersoll Rand,"Quincy, IL"
Surgical Technologist - Operating Room,Solomon Page,"Morgantown, WV"
Nurse - RN - Operating Room,Solomon Page,"Seattle, WA"
Landfill Grounds Crew | $2250 Bonus,Republic Services,"York, PA"
Community Resource Center Specialist III,L.A. Care Health Plan,"Palmdale, CA"
Lead Community Resource Center,L.A. Care Health Plan,"Norwalk, CA"
Marketing Product Development Manager,The Islander Group,"Hawaii, United States"
Recruitment Coordinator,Partnership HealthPlan of California,"Fairfield, CA"
Assistant Manager,Vesta Realty LLC ,"Oklahoma City, OK"
Forensic Engineer,Geohazards,United States
"Territory Manager (Austin, TX)",Ria Money Transfer,United States
Supervisor/Manager Part-Time,Claire's,"Taylor, MI"
Assistant Superintendent,Richmond American Homes,"Phoenix, AZ"
Agency Success Manager,Integral Ad Science,"Chicago, IL"
Operations Manager,Petco,"Marietta, GA"
"Associate National Director, Corporate Development",JDRF International,New York City Metropolitan Area
Sales Specialist,Petco,"Pasadena, CA"
Federal Tax Associate (Fall 2025/Winter 2026),RSM US LLP,"Las Vegas, NV"
Junior Groomer,Petco,"Monroeville, PA"
Functional Tester Solution Specialist,Deloitte,"Gilbert, AZ"
Community Resource Center Specialist II,L.A. Care Health Plan,"Norwalk, CA"
Custodial Supervisor,"SBM Management Services, LP","Austin, TX"
Distribution Center Loader,NAPA Auto Parts,"Latham, NY"
"Analyst Sr, Digital Product Analytics",Genuine Parts Company,"Atlanta, GA"
Appointment Setter,Nerd Power,"Phoenix, AZ"
Part Time Manager,Claire's,"Bend, OR"
Facilities Maintenance Planner,Genentech,"Vacaville, CA"
Superintendent,Richmond American Homes,"Huntsville, AL"
Business Process Analyst,Noblis,"San Diego, CA"
Chief Data Engineer,Noblis,"Reston, VA"
Sales Associate - South Coast Plaza,Diesel,"Costa Mesa, CA"
"Sales Assistant, JS Dallas",JIL SANDER,"Dallas, TX"
Lead Sales Associate,Petco,"Phoenix, AZ"
Store General Manager,Petco,"Blaine, MN"
Sales Associate,Petco,"San Francisco, CA"
Sales Associate,Petco,"Lake Stevens, WA"
Stocker / Cashier,Petco,"Burlington, VT"
Warehouse Worker (Electric Pallet Jack Operator (Sunday-Thursday),Petco,"Mira Monte, CA"
Stocker / Cashier,Petco,"Wauwatosa, WI"
Claims Specialist,City and County of Honolulu,"Honolulu, HI"
Lead Sales Associate,Petco,"Edmond, OK"
Culinary Administrator - Hourly,Legends,"San Antonio, TX"
Aquatics Specialist,Petco,"San Ramon, CA"
Property Administrator,Stream Realty Partners,"Houston, TX"
Assistant Store Manager - Chico's,"Chico's FAS, Inc.","Omaha, NE"
Production Associate II,Kraft Heinz,"Springfield, MO"
Principal Software Engineer,Microsoft,"Redmond, WA"
Sales Specialist,HC2 Productions Inc.,United States
"Account Manager, Private Wealth Management",SEI,"Oaks, PA"
Release Train Engineer,Genentech,"South San Francisco, CA"
STAFF SERVICES ANALYST,Employment Development Department,"Yolo County, CA"
Credentialing Specialist,AmeriHealth Caritas,"Philadelphia, PA"
Remote Commercial Marketing Account Manager (IBTX Insurance / South Platform),Acrisure,"Addison, TX"
Account Management Specialist - Automotive Vertical,Epsilon,"Chicago, IL"
"Senior Vice President, Production Services Manager",BNY Mellon,"New York, NY"
Grooming Salon Manager,Petco,"Blaine, MN"
Clinical Manager Snellville Labor & Delivery,Piedmont,"Snellville, GA"
Groomer,Petco,"San Ramon, CA"
Stocker / Cashier,Petco,"Milford, MA"
Senior Sales Associate - Keyholder,Petco,"San Francisco, CA"
Package Handler - Part Time (Warehouse like),FedEx Ground,"Portland, OR"
Accounting Associate,Legends,"Inglewood, CA"
Sales Associate,Petco,"San Ramon, CA"
Registered Nurse- Part Time Days,"Advanced Correctional Healthcare, Inc.","Tama, IA"
Program Manager,Experis,"Redmond, WA"
Sr. QAE,Experis,"Seattle, WA"
Project Manager,Experis,"Redmond, WA"
Support Associate - Chico's,"Chico's FAS, Inc.","Vero Beach, FL"
Development Coordinator (Onsite),Equitable,"Wall, NJ"
Senior Estimator,Platinum Contracting of Nevada,"Henderson, NV"
Salesperson,Teliolabs Communications Inc.,"Dallas, TX"
Production Planner,STERIS,"Chicago, IL"
Supervisor/Manager Part-Time,Claire's,"Long Beach, CA"
"Domain Head - Lab to Insights, Computational Catalysts",Genentech,"South San Francisco, CA"
"Senior Vice President, Production Services Manager",BNY Mellon,"New York, NY"
Site Manager,"Capstone Logistics, LLC","Lakewood, WA"
"ACO Market Manager, New Jersey","Aledade, Inc.","Wayne, NJ"
Junior Groomer,Petco,"San Ramon, CA"
Warehouse Worker (Reach/Pacer Forklift Driver),Petco,"Mira Monte, CA"
Operations Manager,Petco,"Creve Coeur, MO"
Sales Associate,Petco,"Pittsburgh, PA"
Lead Sales Associate,Petco,"Suffolk, VA"
DC Department Manager 2nd Shift,Petco,"Jurupa Valley, CA"
Package Handler - Part Time (Warehouse like),FedEx Ground,"Fort Worth, TX"
Package Handler - Part Time (Warehouse like),FedEx Ground,"Las Vegas, NV"
People Business Partner - Retail,Rothy's,"San Francisco, CA"
Sales Performance Management Senior Consultant,Deloitte,"Kansas City, MO"
Business Relations Senior Analyst,Deloitte,"Milwaukee, WI"
Senior Salesforce Developer,Deloitte,"Houston, TX"
Health Secretary - 9 Month,Cedar Rapids Community School District,"Cedar Rapids, IA"
Associate Attorney,,"Boynton Beach, FL"
Payroll Coordinator,Experis,"Maplewood, MN"
Test Associate,Experis,"Portland, OR"
Senior Mechanical Designer,Merrick & Company,"Newport News, VA"
Microbiology Tech I,Experis,"Columbus, OH"
"Wind Hub Technician Rattlesnake Den, (Garden City, TX Area)",GE Renewable Energy,"Texas, United States"
VP Global Security Operations,GM Financial,"Irving, TX"
Supervisor/Manager Part-Time,Claire's,"Douglas, GA"
Sales Assistant,Claire's,"Youngstown, OH"
Legal Intern,,"Long Beach, CA"
"Director, Marketing Automation & Operations",Epsilon,"Boston, MA"
"Director, Marketing Automation & Operations",Epsilon,"Irving, TX"
Pet Groomer,Petco,"Monroeville, PA"
Store General Manager - C,Petco,"Spring Hill, TN"
Lead Sales Associate,Petco,"Port Orange, FL"
"Store General Manager - Greater Alexandria, VA Area",Petco,"Alexandria, VA"
Package Handler - Part Time (Warehouse like),FedEx Ground,"Dodge City, KS"
Sales Associate,Petco,"Davenport, IA"
Merchandising Assistant,Scoular,"Overland Park, KS"
Senior Salesforce Lightning Developer,Deloitte,"Mechanicsburg, PA"
GN21 Team Leader Production-DL MSLN,Kraft Heinz,"Massillon, OH"
Facilities Maintenance Technician,Stryten Energy,"Kansas City, KS"
Part Time Cook,Discovery Senior Living,"Hagerstown, MD"
Full Time Housekeeper,Discovery Senior Living,"Hagerstown, MD"
Part Time Dietary Aide,Discovery Senior Living,"Hagerstown, MD"
Systems Tester,ASRC Federal,"Atlantic City, NJ"
Vocational Specialist I,Easterseals Southern California,"Menifee, CA"
2024 Summer Tax Associate (Temporary),Equitable,"Charlotte, NC"
SOX Transformation Leader,Equitable,"Charlotte, NC"
Market Support Representative (Remote),Equitable,United States
"Associate Director/Director, Clinical Science","Alpine Immune Sciences, Inc.",United States
Global Customer Support Specialist,Epsilon,"Chicago, IL"
Global Customer Support Specialist,Epsilon,"Atlanta, GA"
Supervisor,"Capstone Logistics, LLC","Cleveland, OH"
Warehouse Associate,"Capstone Logistics, LLC","Walton, KY"
Director of North America Reseller Partner Sales,Egnyte,United States
Groomer,Petco,"San Francisco, CA"
Vetco Veterinary Assistant,Petco,"Pinellas Park, FL"
Pet Groomer,Petco,"Warrington, PA"
Warehouse Worker (Cherry Picker Operator),Petco,"Mira Monte, CA"
Stocker / Cashier,Petco,"Santa Rosa, CA"
Federal Tax Associate (Fall 2025/Winter 2026),RSM US LLP,"Phoenix, AZ"
Junior Groomer,Petco,"El Cerrito, CA"
Radiology RN-Outpatient,Bryan Health,"Lincoln, NE"
Sales Associate,Petco,"Franklin, TN"
Sales Associate,Petco,"Altoona, PA"
Aquatics Specialist,Petco,"Sequim, WA"
Assistant Store Manager - Chico's,"Chico's FAS, Inc.","Clifton, NJ"
Salesforce Developer (Clearance Eligible) Solution Specialist,Deloitte,"Houston, TX"
Senior SAP GRC and Fiori Security Specialist,Deloitte,"Philadelphia, PA"
Senior Salesforce Developer (Clearance Eligible),Deloitte,"Mechanicsburg, PA"
Caregiver,Discovery Senior Living,"Hagerstown, MD"
Senior Accountant,Thumbtack,United States
Senior Automation Engineer (Rocky Mount),Experis,"Rocky Mount, NC"
NY Regulation 60 Specialist,Equitable,United States
"Senior Medical Director, Clinical Development-(Rheumatology)","Alpine Immune Sciences, Inc.",United States
"Account Executive, Edelman Smithfield",Edelman Smithfield,"Washington, DC"
Sales Consultant,Renewal by Andersen of Washington,"Renton, WA"
Summer Intern - PMO Project Manager,"Yamaha Motor Corporation, USA","Kennesaw, GA"
Gaming and Media - Visual Designer,SalesPoint Incorporation  ,United States
Entry Level Microbiology Technician - No experience needed!,Piper Companies,"Crete, IL"
Laboratory Operations Manager,Piper Companies,"Columbus, OH"
"Regulatory Labeling, Advertising and Promotion Lead (AD)",Piper Companies,"Atlanta, GA"
Principal Statistical Programmer,Piper Companies,United States
Scientist (Immunology),Piper Companies,"Portage, MI"
Oracle DBA,Piper Companies,"Fairfax, VA"
Consulting Team Talent Manager,Boston Consulting Group (BCG),"Houston, TX"
LPN Licensed Practical Nurse,Life Care Centers of America,"Eugene, OR"
AI Solution Architect,Deloitte,"Arlington, Virginia, United States"
Salesforce Developer (Clearance Eligible),Deloitte,"Dallas, TX"
Government Accounting and Internal Controls Solution Consultant,Deloitte,Greater Cleveland
Associate Director- Net Zero Program Lead,Kraft Heinz,"Chicago, IL"
Maintenance Technician,Stryten Energy,"Kansas City, KS"
Creative & 3D Motion Design Business Season 2024 - 2025 Student Associate Program,Madison Square Garden Entertainment Corp.,"Burbank, CA"
IT Help Desk Support Specialist,Experis,"Sacramento, CA"
"Dental Territory Manager - Milwaukee S, WI",Align Technology,"Wisconsin, United States"
Field Superintendent,Advanced Contractors Inc,United States
"Associate Director, Biostatistics",Target Bio Research,"Rockville, MD"
Network Technician,Piper Companies,"Philadelphia, PA"
Regional Manager of Trust,Piper Companies,"West Palm Beach, FL"
Chemist I,Piper Companies,"Crete, IL"
Azure Engineer,Piper Companies,"McLean, VA"
"Remote Case Manager, RN",Piper Companies,United States
AWS Architect,Piper Companies,"San Diego, CA"
Biomedical Equipment Technician,Piper Companies,"Decatur, GA"
Materials Manager,Union Tank Car Company - UTLX,"Ville Platte, LA"
Shipping/Receiving Team Leader,Marmon Foodservice Technologies,"McAllen, TX"
"Clinical Supervisor LASUDC, LCSW, LMFT, CMHC",Acadia Healthcare,"Taylorsville, UT"
RN Registered Nurse,Life Care Centers of America,"Eugene, OR"
"RN Registered Nurse $7,500 Sign-on Bonus",Life Care Centers of America,"Eugene, OR"
Licensed Physical Therapist Assistant,Life Care Centers of America,"Yuma, AZ"
Certified Nursing Assistant (CNA),Life Care Centers of America,"Boise, ID"
Certified Occupational Therapist Assistant (COTA),Life Care Centers of America,"Alamosa, CO"
Speech Language Pathologist (SLP),Life Care Centers of America,"Lakewood, CO"
Licensed Physical Therapist Assistant,Life Care Centers of America,"Denver, CO"
Speech Language Pathologist (SLP),Life Care Centers of America,"Pueblo, CO"
Dietary Aide,Life Care Centers of America,"Aurora, Colorado, United States"
CYP Child and Youth Program Assistant - Entry,Navy Region Southwest Fleet and Family Readiness (FFR),"China Lake, CA"
Skilled Production Labor (Starting $19.30/hr to $25.23/hr with Shift Premium),Kraft Heinz,"Champaign, IL"
Sr. Salesforce Developer,Deloitte,"Washington, DC"
Sr iOS Engineer (Boston),Experis,"Boston, MA"
Support Associate - White House Black Market,"Chico's FAS, Inc.","Mashpee, MA"
Vehicle Systems Engineer,BART,"Oakland, CA"
Data Reporting Team Lead,Piper Companies,"Oaks, PA"
Utilities Process Engineer,Piper Companies,"Raleigh, NC"
IAM Architect,Piper Companies,United States
Molecular Research Associate,Piper Companies,"Frederick, MD"
PMO Consultant,Piper Companies,"Holly Springs, NC"
Remote Behavioral Health Case Manager,Piper Companies,United States
Network Engineer - Onsite,Piper Companies,"Atlanta, GA"
Quality Assurance Specialist (QA),Piper Companies,"Durham, NC"
Data Engineer,Piper Companies,"McLean, VA"
Bacteriology Scientist II,Piper Companies,"Frederick, MD"
Warehouse Team Leader,Marmon Foodservice Technologies,"McAllen, TX"
Production Technician,Corteva Agriscience,"Hermiston, OR"
Custodial Supervisor,University of Colorado Boulder,"Boulder, CO"
Sales Consultant,Renewal by Andersen of Washington,"Spokane, WA"
Scrum Master (Coach),Discover Financial Services,"Riverwoods, IL"
LPN Licensed Practical Nurse,Life Care Centers of America,"Lewiston, ID"
RN Director of Nursing,Life Care Centers of America,"Littleton, CO"
Certified Occupational Therapist Assistant (COTA),Life Care Centers of America,"Cheyenne, WY"
Administrative Assistant (Commercial Activities),Navy Region Mid-Atlantic Fleet and Family Readiness (FFR),"Virginia Beach, VA"
CYP Lead - Regatta,Navy Region Northwest Fleet and Family Readiness (FFR),"Oak Harbor, WA"
Certified Occupational Therapist Assistant (COTA),Life Care Centers of America,"Hilo, HI"
Speech Language Pathologist (SLP),Life Care Centers of America,"Hilo, HI"
Housekeeping Assistant Agency free facility,Life Care Centers of America,"New Market, VA"
Physical Therapist (PT) Agency Free Facility,Life Care Centers of America,"Hilton Head Island, SC"
RN Registered Nurse Agency free facility,Life Care Centers of America,"North Charleston, SC"
Certified Nursing Assistant (CNA) Agency Free Facility,Life Care Centers of America,"North Charleston, SC"
Diet Tech Registered *Food Services Director Position*,Life Care Centers of America,"Winter Haven, FL"
Certified Nursing Assistant (CNA) $3000 Sign On Bonus,Life Care Centers of America,"Punta Gorda, FL"
"RN Registered Nurse $7,500 Sign-on Bonus",Life Care Centers of America,"Estero, FL"
Certified Nursing Assistant (CNA),Life Care Centers of America,"Melbourne, FL"
Certified Nursing Assistant (CNA),Life Care Centers of America,"Melbourne, FL"
LPN Licensed Practical Nurse,Life Care Centers of America,"Littleton Common, MA"
LPN Licensed Practical Nurse,Life Care Centers of America,"Acton, MA"
Housekeeping Assistant,Life Care Centers of America,"Acton, MA"
Registered Nurse (RN) Infection Preventionist,Life Care Centers of America,"Lynn, MA"
"Supervisor, Membership Data Integrity",Centene Corporation,"Missouri, United States"
Mobile Billing Coordinator II,Cox Automotive Inc.,"Philadelphia, PA"
Child Development Aide II,Georgia State University,Atlanta Metropolitan Area
Group Lead OT Digital Manufacturing,Kraft Heinz,"Pittsburgh, PA"
Part-Time LPN,Discovery Senior Living,"Hagerstown, MD"
Flight Nurse,Life Flight Network,"Moses Lake, WA"
Group Retirement 403b Desk – Onboarding,Equitable,"Charlotte, NC"
Network Engineer,Piper Companies,"Swedesboro, NJ"
Lead Development and Analytics Engineer,Piper Companies,United States
Barista,"San Luis Resort, Spa and Conference Center","Galveston, TX"
Medical Director - Principal Investigator,Piper Companies,"Salt Lake City, UT"
Kitchen Manager,Rainforest Cafe,"Lake Buena Vista, FL"
QA Clinical Supplies Specialist (Hybrid Schedule),Piper Companies,"Rahway, NJ"
Biochemist,Piper Companies,"West Point, PA"
Manufacturing Associate,Piper Companies,"Elkridge, MD"
Quality Control Microbiology Analyst,Piper Companies,"Baltimore, MD"
Entry-Mid IT Support Specialist,Piper Companies,"Quantico, VA"
Substance Use Disorder Counselor - SUDP Corrections,Acadia Healthcare,"Vancouver, WA"
Care Specialist,Up Above Nanny Network,"Pleasanton, CA"
Lifeguard Seasonal Associate,Cedar Fair Entertainment Company,"Galveston, TX"
Business Strategy Analyst (Payments),Discover Financial Services,"Riverwoods, IL"
Principal Pricing Strategy - Discover Home Loans,Discover Financial Services,"Riverwoods, IL"
Templator,"Interior Logic Group, Inc.","Buda, TX"
Laundry Assistant,Life Care Centers of America,"Eugene, OR"
"FT Front Desk Agent, SLS LUX",Accor - North & Central America,"Miami, FL"
Assistant Director of Rehabilitation Services (PT),Life Care Centers of America,"Pueblo, CO"
Physical Therapist (PT),Life Care Centers of America,"Aurora, Colorado, United States"
MWR Information Tech Management Assistant,Navy Region Southwest Fleet and Family Readiness (FFR),"San Diego, CA"
Afloat Fitness Specialist (Fit Boss),Navy Region Southwest Fleet and Family Readiness (FFR),"San Diego, CA"
Licensed Physical Therapist Assistant,Life Care Centers of America,"Hilo, HI"
Licensed Physical Therapist Assistant Agency Free Facility,Life Care Centers of America,"New Market, VA"
RN Registered Nurse,Life Care Centers of America,"Lecanto, FL"
LPN Licensed Practical Nurse,Life Care Centers of America,"Lecanto, FL"
Certified Occupational Therapist Assistant (COTA) Agency Free Facility,Life Care Centers of America,"Hilton Head Island, SC"
Certified Nursing Assistant (CNA) - Baylor Shift Agency Free Facility,Life Care Centers of America,"North Charleston, SC"
Staff Development Coordinator (Registered Nurse/RN) Agency Free Facility,Life Care Centers of America,"North Charleston, SC"
Licensed Physical Therapist Assistant,Life Care Centers of America,"Kailua-Kona, HI"
Certified Nursing Assistant (CNA),Life Care Centers of America,"West Palm Beach, FL"
Certified Nursing Assistant (CNA),Life Care Centers of America,"Acton, MA"
"RN Registered Nurse $4,000 Sign-on Bonus",Life Care Centers of America,"Acton, MA"
LPN Licensed Practical Nurse,Life Care Centers of America,"Acton, MA"
Receptionist,Life Care Centers of America,"Acton, MA"
Human Resource Generalist,"E2 Consulting Engineers, Inc.","Denver, CO"
Senior Financial Analyst,Sempra Infrastructure,San Diego Metropolitan Area
Accounts Receivable Representative,La Jolla Group,"Irvine, CA"
Mammographer,UPMC,"Bethel Park, PA"
Professional Staff Nurse (Flex Full Time) - Pain Center,UPMC,"Pittsburgh, PA"
Medical Assistant - Seeking various experience levels! -Family Medicine,UPMC,"Lancaster, PA"
Home Health Speech Language Pathologist - PPV PRN,Ascension at Home,"Centerville, TN"
Recruitment Marketing,Equitable,"Syracuse, NY"
Complex Inforce Processor,Equitable,"Syracuse, NY"
Business Analysis II (Hybrid),Equitable,"Charlotte, NC"
Product Integrity Engineer,Autocar Trucks,"Birmingham, AL"
Clinical Research Assistant,Piper Companies,"Bethesda, MD"
Electrical Engineer,Piper Companies,"Raleigh, NC"
Manufacturing Technician,Piper Companies,"Elkridge, MD"
Research Associate II,Piper Companies,"Rockville, MD"
Full Stack Developer,Piper Companies,"McLean, VA"
CQV Engineer,Piper Companies,"Holly Springs, NC"
Sr. Cyber Security Analyst - Threat Hunter,Piper Companies,"New Carrollton, MD"
Laboratory Technician III,Piper Companies,"Frederick, MD"
QA Reviewer,"ANI Pharmaceuticals, Inc.","East Windsor, NJ"
Certified Nursing Assistant (CNA),Life Care Centers of America,"Lakewood, CO"
Registered Occupational Therapist (OT),Life Care Centers of America,"Cheyenne, WY"
LPN Licensed Practical Nurse,Life Care Centers of America,"Fort Morgan, CO"
Licensed Physical Therapist Assistant,Life Care Centers of America,"Hilo, HI"
"Certified Nursing Assistant (CNA) $2,000 Sign-on Bonus - Agency free facility",Life Care Centers of America,"New Market, VA"
Housekeeping Assistant,Life Care Centers of America,"Lecanto, FL"
Cook,Life Care Centers of America,"Kailua-Kona, HI"
Certified Nursing Assistant (CNA),Life Care Centers of America,"Estero, FL"
LPN Licensed Practical Nurse,Life Care Centers of America,"Estero, FL"
"RN Registered Nurse $4,000 Sign-on Bonus",Life Care Centers of America,"Acton, MA"
Receptionist,Life Care Centers of America,"Acton, MA"
Receptionist,Life Care Centers of America,"Acton, MA"
LPN Licensed Practical Nurse,Life Care Centers of America,"Stoneham, MA"
Business Process Analyst II,Centene Corporation,"Georgia, United States"
Birth Doula - (New & Experienced Doulas),UPMC,"Erie, PA"
Program Administrator,UPMC,United States
Director of Product Development,Revology Cars LLC,"Orlando, FL"
Analyst - Life Cycle 1,"Coca-Cola Bottling Company UNITED, Inc.","Atlanta, GA"
Keyholder,Vow'd Weddings,"Charlotte, NC"
Cyber Security Analyst II,Piper Companies,United States
Data Engineer,Piper Companies,"Wayne, PA"
Microbiologist I,Piper Companies,"Madison, WI"
Microbiology Specialist,Piper Companies,"Durham, NC"
Biomedical Equipment Technician,Piper Companies,"Hershey, PA"
LPN Dispensing Nurse - Corrections,Acadia Healthcare,"Vancouver, WA"
"Crop Protection Territory Manager, NW Illinois",Corteva Agriscience,"Chicago, IL"
Principal Business Data Steward,Discover Financial Services,"Riverwoods, IL"
RN Registered Nurse,Life Care Centers of America,"Eugene, OR"
Laundry Assistant,Life Care Centers of America,"Eugene, OR"
Physical Therapist (PT),Life Care Centers of America,"Aurora, Colorado, United States"
Registered Nurse (RN) Infection Preventionist,Life Care Centers of America,"Aurora, Colorado, United States"
Unit Care Coordinator (Registered Nurse/RN),Life Care Centers of America,"Aurora, Colorado, United States"
LPN Licensed Practical Nurse,Life Care Centers of America,"Fort Morgan, CO"
Recreation Specialist - Fitness Center (Bangor),Navy Region Northwest Fleet and Family Readiness (FFR),"Silverdale, WA"
Recreation Assistant (Fitness),Navy Region Naval District Washington Fleet and Family Readiness (FFR),"Indian Head, MD"
"In-Seat Runner, American Family Field",Delaware North,"Milwaukee, WI"
"LPN Licensed Practical Nurse $3,500 Sign-on Bonus - Agency Free Facility",Life Care Centers of America,"New Market, VA"
Registered Nurse (RN) Supervisor Agency Free Facility,Life Care Centers of America,"North Charleston, SC"
Unit Manager (Registered Nurse/RN),Life Care Centers of America,"Leominster, MA"
Resy Customer Success Manager - New York,American Express,"New York, NY"
"Certified Nursing Assistant (CNA) $2,500 Sign-on Bonus",Life Care Centers of America,"Acton, MA"
Activities Assistant,Life Care Centers of America,"Acton, MA"
LPN Licensed Practical Nurse,Life Care Centers of America,"Stoneham, MA"
Receptionist,H&R Block,"Tucson, AZ"
"Chophouse Runner, Truist Park",Delaware North,"Atlanta, GA"
"Club Level Stand Attendant, American Family Field",Delaware North,"Milwaukee, WI"
Senior Financial Analyst,Sempra Infrastructure,Greater Houston
SOX Senior Manager,Intapp,"Palo Alto, CA"
Casual Patient Care Technician Opportunities! (NURSING STUDENTS) - UPMC Mercy,UPMC,"Pittsburgh, PA"
"Professional Staff Nurse, BSN-L&D (UPMC Lititz)",UPMC,"Lititz, PA"
Controls Automation Engineer,"TalentBurst, an Inc 5000 company","Lithia Springs, GA"
Laboratory Technician,"TalentBurst, an Inc 5000 company","Miami, FL"
Corporate Controller,Matrix Finance and Accounting,"Tempe, AZ"
Sales Consultant,Renewal by Andersen of Washington,"Tri-Cities, WA"
HPC Systems Administrator,Piper Companies,United States
Associate Director of Clinical Development,Piper Companies,United States
Laboratory Operations Manager,Piper Companies,"Columbus, OH"
Lab Director,Piper Companies,"Crete, IL"
Process Engineer,Piper Companies,"Manchester, NH"
Quality Control Translator (German),Piper Companies,United States
Remote Utilization Management Nurse,Piper Companies,"Durham, NC"
Senior Research Associate,Piper Companies,"Rockville, MD"
Principal Business Data Steward (MarTech),Discover Financial Services,"Riverwoods, IL"
Lead Compliance Specialist,Discover Financial Services,"Riverwoods, IL"
Club Attendant,Accor - North & Central America,"Berkeley, CA"
"Cook II, Wuksachi Lodge",Delaware North,"Yosemite National Park, CA"
Child and Youth Program Custodian,Navy Region Southeast Fleet and Family Readiness (FFR),"Panama City, FL"
Afloat Fitness Specialist (Fit Boss),Navy Region Mid-Atlantic Fleet and Family Readiness (FFR),"Norfolk, VA"
MWR Recreation Maintenance Leader,Navy Region Southwest Fleet and Family Readiness (FFR),"China Lake, CA"
Corporate Attorney,LHH,"Denver, CO"
Stylist,Vow'd Weddings,"Minneapolis, MN"
Registered Dietitian Certified Dietary Manager/Diet Technician Register,Life Care Centers of America,"Hilo, HI"
"Suites Runner, American Family Field",Delaware North,"Milwaukee, WI"
"Assistant Restaurant Manager, TD Garden",Delaware North,"Boston, MA"
LPN Personal Care Unit Agency Free Facility,Life Care Centers of America,"New Market, VA"
Certified Occupational Therapist Assistant (COTA) Agency Free Facility,Life Care Centers of America,"New Market, VA"
Dietary Aide Agency Free Facility,Life Care Centers of America,"New Market, VA"
Restorative Certified Nursing Assistant (CNA) Agency Free Facility,Life Care Centers of America,"New Market, VA"
Certified Nursing Assistant (CNA),Life Care Centers of America,"Lecanto, FL"
"Treatment Nurse (Licensed Practical Nurse/LPN) $1,000.00 Sign on Bonus - Agency Free Facility",Life Care Centers of America,"Hilton Head Island, SC"
Food Services Director - Certified Dietary Manager,Life Care Centers of America,"Winter Haven, FL"
Floor Tech,Life Care Centers of America,"Kapolei, HI"
Registered Dietitian,Life Care Centers of America,"Kapolei, HI"
"RN Registered Nurse $4,000 Sign-on Bonus",Life Care Centers of America,"Acton, MA"
Certified Nursing Assistant (CNA),Life Care Centers of America,"Acton, MA"
Unit Care Coordinator (Licensed Practical Nurse/LPN) Manager,Life Care Centers of America,"Acton, MA"
Activities Assistant,Life Care Centers of America,"Acton, MA"
LPN Licensed Practical Nurse,Life Care Centers of America,"Acton, MA"
Dietary Aide,Life Care Centers of America,"Acton, MA"
Laundry Assistant,Life Care Centers of America,"Acton, MA"
LPN Licensed Practical Nurse,Life Care Centers of America,"Stoneham, MA"
Human Resources Manager,"Imperial Health Plan of California, Inc.","Pasadena, CA"
"Regional Training Manager, Mid-West USA",Arc'teryx Equipment,"Chicago, IL"
Transporter - CGOH,UPMC,"Harrisburg, PA"
Psychiatric Staff Nurse - Resource Pool Evening/Night 8 and 12-hour shifts,UPMC,"Pittsburgh, PA"
Patient Access Representative - Patient Access Representative,"TalentBurst, an Inc 5000 company","Boston, MA"
Financial Analyst,"Yamaha Motor Corporation, USA","Cypress, CA"
Patient Care Technician- 4 Marian- Part time - Day shift- 7am-3pm,Holy Name Medical Center,"Teaneck, NJ"
Billing Liaison,Holy Name Medical Center,"Hackensack, NJ"
Contracts Specialist,Lovelace Biomedical,"Albuquerque, NM"
Senior Automation Engineer,Piper Companies,"Holly Springs, NC"
QC Analyst (Micro),Piper Companies,"Baltimore, MD"
Cloud Systems Engineer (Security),Piper Companies,United States
Remote .NET Developer,Piper Companies,United States
Animal Research Technician,Piper Companies,"Rockville, MD"
Laboratory Technician III,Piper Companies,"Frederick, MD"
Account Executive,CRC Insurance Services,"Magnolia, TX"
Substance Use Disorder Counselor CADC/CAC - Hybrid,Acadia Healthcare,"Cartersville, GA"
Principal Research Contract Officer,University of Colorado Boulder,"Boulder, CO"
LPN Licensed Practical Nurse,Life Care Centers of America,"Eugene, OR"
Security Officer,Accor - North & Central America,"West Hollywood, CA"
Restaurant and Bar Manager,Accor - North & Central America,"Dallas, TX"
LPN Licensed Practical Nurse,Life Care Centers of America,"Federal Way, WA"
Licensed Physical Therapist Assistant,Life Care Centers of America,"Denver, CO"
"Certified Occupational Therapist Assistant (COTA) $6,000 Sign-on Bonus",Life Care Centers of America,"Sheridan, WY"
Maintenance Mechanic Worker,Navy Region Mid-Atlantic Fleet and Family Readiness (FFR),"Great Lakes, IL"
CYP Lead - Clover,Navy Region Northwest Fleet and Family Readiness (FFR),"Oak Harbor, WA"
CYP Child and Youth Program Cook,Navy Region Southwest Fleet and Family Readiness (FFR),"China Lake, CA"
Sales Consultant,Renewal by Andersen of Central CA,"Fresno, CA"
Registered Occupational Therapist (OT) Agency Free Facility,Life Care Centers of America,"New Market, VA"
Speech Language Pathologist (SLP) Agency Free Facility,Life Care Centers of America,"New Market, VA"
"Certified Nursing Assistant (CNA) $2,000 Sign-on Bonus - Agency Free Facility",Life Care Centers of America,"New Market, VA"
Physical Therapist (PT) Agency Free Facility,Life Care Centers of America,"New Market, VA"
LPN Licensed Practical Nurse,Life Care Centers of America,"Lecanto, FL"
RN Registered Nurse,Life Care Centers of America,"Ocala, FL"
Housekeeping Assistant Agency Free Facility,Life Care Centers of America,"North Charleston, SC"
Licensed Physical Therapist Assistant Agency Free Facility,Life Care Centers of America,"North Charleston, SC"
LPN Licensed Practical Nurse Agency Free Facility,Life Care Centers of America,"North Charleston, SC"
LPN Licensed Practical Nurse,Life Care Centers of America,"Estero, FL"
Certified Nursing Assistant (CNA),Life Care Centers of America,"Melbourne, FL"
LPN Licensed Practical Nurse,Life Care Centers of America,"Littleton Common, MA"
LPN Licensed Practical Nurse,Life Care Centers of America,"Stoneham, MA"
Receptionist,H&R Block,"Rockford, IL"
"Dishwasher, 1919 Kitchen and Tap at Lambeau Field",Delaware North,"Green Bay, WI"
"Senior Director, Reporting & Business Analytics",Centene Corporation,"Durham, NC"
Staff Back End Engineer - Res & Guest,Cloudbeds,"Texas, United States"
Staff Back End Engineer - Res & Guest,Cloudbeds,"Massachusetts, United States"
Front Desk Receptionist,"Intouch Chiropractic | San Diego, CA","San Diego, CA"
Land Development Manager,Lennar,"Millsboro, DE"
Physician Assistant-General Surgery,UPMC,"York, PA"
Medical Assistant – Seeking various experience levels! - Womens First of Harrisburg,UPMC,"Harrisburg, PA"
"Patient Care Technician, Senior - Radiology",UPMC,"Pittsburgh, PA"
Automotive Sales Consultants,Time Auto Group,"Beaverton, OR"
Recreation Aid (Golf),Navy Region Mid-Atlantic Fleet and Family Readiness (FFR),"Virginia Beach, VA"
Unaccompanied Housing Building Manager,Navy Region Southeast Fleet and Family Readiness (FFR),"Jacksonville Naval Air Station, Florida, United States"
Recreation Specialist - Fitness Center (Bremerton),Navy Region Northwest Fleet and Family Readiness (FFR),"Bremerton, WA"
Diet Tech Registered,Life Care Centers of America,"Hilo, HI"
Certified Occupational Therapist Assistant (COTA),Life Care Centers of America,"Hilo, HI"
Hospitality Aide Agency Free Facility,Life Care Centers of America,"New Market, VA"
RN Registered Nurse,Life Care Centers of America,"Lecanto, FL"
Registered Nurse (RN) - Baylor Shift $1000.00 Sign on Bonus - Agency Free Facility,Life Care Centers of America,"Hilton Head Island, SC"
"Registered Nurse (RN) Infection Preventionist $3,500.00 Sign-on bonus - Agency Free Facility",Life Care Centers of America,"Hilton Head Island, SC"
Physical Therapist (PT) Agency Free Facility,Life Care Centers of America,"North Charleston, SC"
Licensed Practical Nurse (LPN) - Baylor Shift Agency Free Facility,Life Care Centers of America,"North Charleston, SC"
Unit Care Coordinator (Registered Nurse/RN) Agency Free Facility,Life Care Centers of America,"North Charleston, SC"
Registered Nurse (RN) Supervisor,Life Care Centers of America,"Littleton Common, MA"
LPN Licensed Practical Nurse,Life Care Centers of America,"Acton, MA"
LPN Licensed Practical Nurse,Life Care Centers of America,"Acton, MA"
LPN Licensed Practical Nurse,Life Care Centers of America,"Acton, MA"
Activities Assistant,Life Care Centers of America,"Acton, MA"
RN Registered Nurse,Life Care Centers of America,"Acton, MA"
Complaints and Issues Specialist II,Centene Corporation,"California, United States"
Clinical Appeals Coordinator,Centene Corporation,"Arkansas, United States"
Staff Back End Engineer - Res & Guest,Cloudbeds,"Illinois, United States"
Staff Back End Engineer - Res & Guest,Cloudbeds,"Florida, United States"
Vehicle Check In Clerk I (Manheim),Cox Automotive Inc.,"Valley, AL"
Social Media Marketing Intern,Youth on Course,"Monterey, CA"
Medical Assistant Part Time - Seeking various experience levels! - Ortho,UPMC,"Lancaster, PA"
Physician Assistant-General Surgery,UPMC,"Camp Hill, PA"
Chief CRNA,UPMC,"Harrisburg, PA"
Receptionist,H&R Block,"Bridgeport, CT"
Dietary Aide,Life Care Centers of America,"Lecanto, FL"
Certified Nursing Assistant (CNA) Agency Free Facility,Life Care Centers of America,"Hilton Head Island, SC"
Maintenance Director,Life Care Centers of America,"Kailua-Kona, HI"
Cook,Life Care Centers of America,"Altamonte Springs, FL"
Certified Nursing Assistant (CNA),Life Care Centers of America,"Estero, FL"
Registered Occupational Therapist (OT),Life Care Centers of America,"Acton, MA"
RN Registered Nurse,Life Care Centers of America,"Acton, MA"
"Certified Nursing Assistant (CNA) $2,000 Sign-on Bonus",Life Care Centers of America,"Acton, MA"
Senior Data Scientist 3 - Nonproliferation,Pacific Northwest National Laboratory,"Richland, WA"
"Senior Product Performance Analyst (SQL, Excel)",Centene Corporation,"Florida, United States"
Software Engineer I,Cox Automotive Inc.,"Atlanta, GA"
Support Analyst,WellSky,"Overland Park, KS"
Dietitian II - UPMC East,UPMC,"Monroeville, PA"
"Patient Care Technician, Senior - NS",UPMC,"Williamsport, PA"
Urgent Care Technician Training Program – Apply Today!,UPMC,"Harrisburg, PA"
"Professional Staff Nurse, BSN (Limited Casual) - Interventional Radiology",UPMC,"Pittsburgh, PA"
LPN / Licensed Practical Nurse Home Health,Ascension at Home,"Indianapolis, IN"
Test Engineer III,"TalentBurst, an Inc 5000 company","Cupertino, CA"
Receptionist,H&R Block,"Cuyahoga Falls, OH"
Receptionist,H&R Block,"Milford, CT"
Senior Planner,,"The Dalles, OR"
Lab Operations Assistant - 2nd shift,Eurofins PSS Insourcing Solutions,"Lancaster, PA"
Construction and Trades Safety Professional - EHS,Eurofins PSS Insourcing Solutions,"Kalamazoo, MI"
Medical Assistant,UPMC,"Hanover, PA"
Area Lead Health Information Specialist (HYBRID),Ciox Health,"Philadelphia, PA"
REMOTE – Market Research Competitive Intelligence (Pharma),"Yoh, A Day & Zimmermann Company","Ridgefield, CT"
Solution Architect - Enterprise Content Management Systems,PoweerHire Consulting Inc,"Troy, MI"
"Sales Associate, Seasonal/Flex Only, Flat Iron Crossing- Williams Sonoma","Williams-Sonoma, Inc.","Broomfield, CO"
"General Manager, Full Time, Trolley Square- Pottery Barn",Pottery Barn,"Salt Lake City, UT"
Janitor - Pecanland,Allied Universal Janitorial Services,"Monroe, LA"
Janitor,Allied Universal Janitorial Services,"San Francisco, CA"
What Needs to Change for You to Achieve Your Real Estate Goals?,Keller Williams Eastside,"Kirkland, WA"
HUMAN SERVICES DATA APPLICATIONS MANAGER Promotional Only,County of Santa Cruz,"Santa Cruz County, CA"
Senior Software Engineer,Boomi,"Conshohocken, PA"
Events Director,Alta Adams,Los Angeles Metropolitan Area
Registration Associate – Samaritan Hospital - FT Nights,St. Peter's Health Partners,"Troy, NY"
Marketing Specialist,Cubenergy,"Houston, TX"
Climate Sustainability Intern,Doctors Without Borders/Médecins Sans Frontières - USA,"New York, NY"
Sales Promoter,GRAPHIC T-SHIRTS™,United States
"Loyola Medicine - Medical Lab Scientist Virtual Hiring Event, Wednesday, April 24th 2024",Trinity Health,"Maywood, IL"
Host,Trinity Health,"Mishawaka, IN"
RN Emergency Department,Trinity Health,"Mishawaka, IN"
"Tray Service Assistant, Nutrition Services, Extra On Call, Rotating",Trinity Health,"Fresno, CA"
"Commercial HVAC Service Technician - Columbus, OH",Trane Technologies,"Columbus, OH"
Upper Midwest Contracting Intern,Trane Technologies,"Willowbrook, IL"
Senior Grants & Contracts Accountant,Prism Health North Texas,"Dallas, TX"
Senior Manufacturing Engineer,Revology Cars LLC,"Orlando, FL"
Project Administrator,Fender Musical Instruments Corporation,"Scottsdale, AZ"
Delivery Driver (non CDL),American Tire Distributors,"Auburn, WA"
Registration Associate – Samaritan Hospital - FT Rotating Shift,St. Peter's Health Partners,"Troy, NY"
RN Ortho/Neuro Surgery,Trinity Health,"Ann Arbor, MI"
Behavioral Health Counselor Social Worker PRN Days,Trinity Health,"Boise, ID"
Registered Nurse - Radiology - Full time - Days,Trinity Health,"Mason City, IA"
Customer Sales & Service Rep I/ Driver – Bilingual Preferred (English/Spanish),SiteOne Landscape Supply,"Naperville, IL"
PFS Shift Supervisor,Trinity Health,"Saratoga Springs, NY"
Human Resources Assistant,Scion Staffing,"San Francisco, CA"
"Café & Dining Aide, Extra On Call, Rotating",Trinity Health,"Fresno, CA"
Rental Sales Coordinator,Orange EV,"Kansas City, KS"
Production Manager,Trane Technologies,"Columbia, SC"
PLANT MANAGER,"Berry Global, Inc.","Franklin, IN"
Summer Intern 2024 - Peer Review,Patient-Centered Outcomes Research Institute (PCORI),"Washington, United States"
"Account Executive, Corporate Sales",Quantcast,"San Francisco, CA"
Front Office Manager,Renaissance Seattle Hotel,"Seattle, WA"
Employee Experience Associate,Transwestern,"Dallas, TX"
Nursery Department Manager,SiteOne Landscape Supply,"Burtonsville, MD"
Logistics Supervisor,Southern Glazer's Wine & Spirits,"Saint Rose, LA"
RN - Hospice of North Iowa - Homecare - Full Time - Days,Trinity Health,"Woodlyn, PA"
"LCUR Account Manager - Bellevue, WA",Trane Technologies,"Bellevue, WA"
Equipment Project Manager,Trane Technologies,"Carrollton, TX"
"Senior Manager, Supply Chain",General Dynamics Ordnance and Tactical Systems,"Healdsburg, CA"
Dairy Manager,Sprouts Farmers Market,"Phoenix, AZ"
Business Sales & Delivery Executive - SAP,IBM,"Coppell, TX"
Product Manager,IBM,"San Jose, CA"
Strategic Account Executive,Outreach,United States
"Director, Pricing Specialist",myGwork - LGBTQ+ Business Community,"New York, United States"
Customer Sales & Service Rep I – Bilingual Preferred (English/Spanish),SiteOne Landscape Supply,"Santa Clarita, CA"
Customer Sales & Service Rep I,SiteOne Landscape Supply,"Coeur d'Alene, ID"
Shipper/Receiver,SiteOne Landscape Supply,"Daphne, AL"
Communications Sr Project Associate / Project Manager,Circlepoint,"Oakland, CA"
Nonprofit HR and Operations Manager,Scion Staffing,"San Francisco, CA"
Staffing Coordinator RN - Resource Pool - Full Time,Trinity Health,"Des Moines, IA"
Materials Team Lead,Trane Technologies,"Grand Rapids, MI"
Manufacturing Process Engineer,Acro Service Corp,"Kansas City, KS"
Psychiatrist Medical Director – Outpatient and TMS Services,Kitsap Mental Health Services,"Bremerton, WA"
Data Use Associate,JPMorgan Chase & Co.,"New York, NY"
"Relationship Banker - Vernon Hills - Scarsdale, NY",JPMorgan Chase & Co.,"Scarsdale, NY"
Industrial Engineer,Insight Global,"Lansing, MI"
Student Marketeer: University of Massachusetts Amherst,Red Bull,"Amherst, MA"
Climate Sustainability Intern,Doctors Without Borders/Médecins Sans Frontières - USA,"Oakland, CA"
MA McMillan Family Medicine Clinic Full-Time Days,Trinity Health,"Boise, ID"
Rental Account Manager- Northeast,Orange EV,"New Jersey, United States"
"Contracting Project Manager - Oklahoma City, OK",Trane Technologies,"Broken Arrow, OK"
Services Account Manager - Roanoke,Trane Technologies,"Roanoke, VA"
Dairy Manager,Sprouts Farmers Market,"Santa Fe, NM"
 Senior ETL Data Engineer (100% Remote),Avesta Computer Services,United States
Package Consultant-Industry Packages,IBM,"Chicago, IL"
Director of Nursing,The Nugget Group Your Partner in Progress,"Manteca, CA"
"Middleware Administrator, Radford, VA",IBM,"Manassas, VA"
Project Manager- CDC Expert,IBM,"Herndon, VA"
Summer Intern 2024 - Planning and Evaluation,Patient-Centered Outcomes Research Institute (PCORI),"Washington, United States"
"User Experience Research Lead, Vice President",JPMorgan Chase & Co.,"New York, NY"
"Relationship Banker - Austin Central - Austin, TX",JPMorgan Chase & Co.,"Austin, TX"
Marketing Analytics - Data Scientist Senior Associate,JPMorgan Chase & Co.,"Columbus, OH"
Compliance - Employee Compliance Project Manager - Vice President,JPMorgan Chase & Co.,"Jersey City, NJ"
Event Assistant,,Los Angeles Metropolitan Area
AP Specialist,Scion Staffing,"Portland, OR"
MA Boise Cancer Institute Clinic Full-Time Days,Trinity Health,"Boise, ID"
"Registered Nurse, FT Nights Medical Intensive Care Unit",Trinity Health,"Fresno, CA"
"Account Manager - Salt Lake City, UT",Trane Technologies,"Salt Lake City, UT"
"Commercial Sr. HVAC Technician (Rental Services)- Atlanta, GA Area *SIGN ON BONUS / RELOCATION Available*",Trane Technologies,"Minneapolis, MN"
Cybersecurity Technical Administrator,IBM,"Manassas, VA"
Digital Sales Specialist - Sustainability SW Portfolio,IBM,"Coppell, TX"
Lead Sales Advisor,On,"Las Vegas, NV"
Lease Accountant,SiteOne Landscape Supply,"Roswell, GA"
Line of Business Pricing Manager-Irrigation,SiteOne Landscape Supply,"Roswell, GA"
Systems Account Manager,Trane Technologies,"Bellevue, WA"
"Control Installation (Electrician) Team Lead-Nashville, TN",Trane Technologies,"Nashville, TN"
Grocery Clerk,Sprouts Farmers Market,"San Jose, CA"
Summer Intern 2024 - Public and Patient Engagement,Patient-Centered Outcomes Research Institute (PCORI),"Washington, United States"
Vice President – Digital Marketing Strategy – Head of Commerce Payments,JPMorgan Chase & Co.,"Wilmington, DE"
Principal Network Consultant,Amdocs,"Home, KS"
"Tax Managing Director, Core Tax Services",BDO USA,"Nashville, TN"
Business Development Representative,Autodesk,"Denver, CO"
Nursing Assistant (CNA) - Emergency Services,North Vista Hospital,"North Las Vegas, NV"
Rental Account Manager- DFW,Orange EV,"Texas, United States"
Contracting Turnkey Project Manager,Trane Technologies,"Lubbock, TX"
Field Service Technician,Vivint,"Westerville, Ohio, United States"
Field Service & Sales Technician,Vivint,"Portland, OR"
Summer Intern 2024 - Public and Patient Engagement,Patient-Centered Outcomes Research Institute (PCORI),"Washington, United States"
Summer Intern 2024 - Planning and Evaluation,Patient-Centered Outcomes Research Institute (PCORI),"Washington, United States"
"J.P. Morgan Wealth Management - Private Client Advisor - Tulsa, OK",JPMorgan Chase & Co.,"Tulsa, OK"
Paralegal,Stone Rose Law,"Scottsdale, AZ"
Sales Advisor,On,"Las Vegas, NV"
Scoring Assistant- Languages Other Than English (LOTEs),Pearson,"Sacramento, CA"
Assistant Manager Student Services,Pearson,"Providence, RI"
Risk Manager Registered Nurse,Southern Regional Medical Center,"Riverdale, GA"
IT Support Technician,my3Twelve,Greater Seattle Area
Data Analyst (Korean),Lightcast,United States
Capitation Specialist,"Imperial Health Plan of California, Inc.","Pasadena, CA"
Delivery Consultant: Security Identity and Access Management,IBM,"Armonk, NY"
Senior Developer (React Native Developer ),Avesta Computer Services,"Austin, TX"
Commissioning Manager,IEA Constructors LLC,"Olmstead, KY"
2025 Commercial Banking Insights Programs - Corporate Client Banking & Specialized Industries Summer Analyst Program,JPMorgan Chase & Co.,"Atlanta, GA"
Senior Writer - Corporate Communications,UL Solutions,"Chicago, IL"
Seasonal Part Time Loss Prevention Associate,Kohl's,"Patterson, CA"
Seasonal Sales Associate,Jos. A. Bank Clothiers,"West Hartford, CT"
"Account Manager, Government",Grainger,"Las Vegas, NV"
Denials & AR Operations Support Supervisor,R1 RCM,United States
Client Success Specialist,Lightcast,United States
Customer Success Associate,Lightcast,"Moscow, ID"
Front End Lead,Rural King,"Princeton, IN"
Sales Development Representative,Aapico Steps,"Florida, United States"
Hairstylist,GENERATIONS SALON,Dallas-Fort Worth Metroplex
"Design Engineer OSS / Network - Alpharetta, GA",Amdocs,"Alpharetta, GA"
Plant Engineer I - Plant Operations,Desert Valley Hospital & Medical Group,"Victorville, CA"
Coordinator - Happiness Delivery Real Time Analyst,On,"Portland, OR"
Sales Logistics Specialist,Empire Staffing Network,"Inglewood, CA"
Part-Time Retail Sales Associate,Kohl's,"Lake Ozark, MO"
Group Fitness Instructor,,"Branford, CT"
Assistant Manager Student Services,Pearson,"Indianapolis, IN"
Assistant Manager Student Services,Pearson,"Annapolis, MD"
Manufacturing Tech 3,Flex,"West Columbia, SC"
Equipment Automation Technician - Day shift,Flex,"Austin, TX"
"General Manager, Concrete and Aggregate Operations - Carroll Concrete",Carroll Concrete,"New Hampshire, United States"
Junior Day to Day Manager/Coordinator,Live Nation Entertainment,"Beverly Hills, CA"
Senior Banker,Bank of America,"Belleville, IL"
Relationship Banker - Seven Corners Financial Center - Bilingual Spanish Required,Bank of America,"Falls Church, VA"
Nutrition Specialist,Ingham County Health Department,"Lansing, MI"
Associate - Applications Support,JPMorgan Chase & Co.,"Plano, TX"
Scoring Assistant- Sciences,Pearson,"Sacramento, CA"
Equipment Automation Technician - Day shift,Flex,"Austin, TX"
Social Worker- Adult Outpatient Ambulatory Care Network - Days,NewYork-Presbyterian Hospital,"New York, NY"
Data Analyst (Chinese),Lightcast,United States
Bartender,Life is Brewing,"Murfreesboro, TN"
HOME CARE NURSE,Sparrow Health System,"Lansing, MI"
Data Analyst (Japanese),Lightcast,United States
Business Development Representative,Affinity Steps,"Florida, United States"
Director of Digital Marketing,Live Nation Entertainment,"Nashville, TN"
Venue Security Supervisor - White River Amphitheater,Live Nation Entertainment,"Auburn, WA"
Nurse Practitioner,,"Denver, CO"
Production Technician,Syensqo,"Spartanburg, SC"
Business Development Representative,Aapico Steps,"Framingham, MA"
"Sr. Program Manager, Internal Processes",Nextracker Inc.,"Fremont, CA"
Project Manager,Nextracker Inc.,"Nashville, TN"
Full-Time Customer Service Supervisor,Kohl's,"Mesquite, TX"
Retail Store Tailor Part Time,Jos. A. Bank Clothiers,"Winchester, VA"
Sales Associate - Arizona Mills 0228,Forever 21,"Tempe, AZ"
Assistant Manager Student Services,Pearson,"Little Rock, AR"
Assistant Manager Student Services,Pearson,"Topeka, KS"
Assistant Manager Student Services,Pearson,"Columbus, OH"
Assistant Manager Student Services,Pearson,"Dover, DE"
Mail Room Representative,R1 RCM,"Chicago, IL"
Full Time Merchandiser,Coca-Cola Consolidated,"Portsmouth, OH"
Security- The Gorge Amphitheater,Live Nation Entertainment,"George, WA"
Senior Banker,Bank of America,"St Louis, Missouri, United States"
Relationship Banker - Bull Run Financial Center,Bank of America,"Manassas, VA"
Retail Assistant Store Manager (Part Time)- NEW STORE OPENING,Skechers,"Cookeville, TN"
I&E Technician,Marathon Petroleum Corporation,"Carlsbad, NM"
"Director, Outbound Sales",FIGS,"Santa Monica, CA"
Scoring Assistant- Multiple Subjects Exams (MSE),Pearson,"Sacramento, CA"
Branch Sales Associate (Part Time),Grainger,"Salinas, CA"
Assistant Manager Student Services,Pearson,"Des Moines, IA"
Payment Processing Specialist,Banner Health,United States
Relationship Banker - Belvedere Alameda Financial Center,Bank of America,"Baltimore, MD"
Relationship Banker,Bank of America,"St Louis, Missouri, United States"
Heating Air Conditioning Technician,,Dallas-Fort Worth Metroplex
Senior Banker - Short Pump Financial Center,Bank of America,"Richmond, VA"
Financial Center Assistant Manager,Bank of America,"O'Fallon, IL"
Sr. Data Orchestration Infra Engineer,Nextracker Inc.,"Fremont, CA"
"Compounder (3rd Shift) - Princeton, NJ",dsm-firmenich,"Princeton, NJ"
Part-Time Beauty Advisor - Sephora,Kohl's,"Springfield, MO"
Assistant Manager Student Services,Pearson,"Cheyenne, WY"
Assistant Manager Student Services,Pearson,"Boise, ID"
Assistant Manager Student Services,Pearson,"Frankfort, KY"
Construction Manager,Adecco,"Cartersville, GA"
Senior Project Manager,Fluence,"Alpharetta, GA"
Mail Room Representative,R1 RCM,"Chicago, IL"
Data Architect,Live Nation Entertainment,"West Hollywood, CA"
Security - White River Amp,Live Nation Entertainment,"Auburn, WA"
"Engineering Program Manager, R&D Mechanical Electrical",Nextracker Inc.,"Fremont, CA"
Food Technologist,dsm-firmenich,"Princeton, NJ"
"Compounder (1st Shift) - Princeton, NJ",dsm-firmenich,"Princeton, NJ"
Painter,,"Brunswick, ME"
Senior Front-End Engineer (remote),myGwork - LGBTQ+ Business Community,"Baton Rouge, LA"
Senior Front-End Engineer (remote),myGwork - LGBTQ+ Business Community,"Atlanta, GA"
Senior Front-End Engineer (remote),myGwork - LGBTQ+ Business Community,"St Paul, MO"
Senior Front-End Engineer (remote),myGwork - LGBTQ+ Business Community,"Richmond, VA"
2024 Finance Summer Internship,myGwork - LGBTQ+ Business Community,"Parsippany, NJ"
Technical Director Lead,PGA TOUR,"St Augustine, FL"
Retail Store Tailor,Jos. A. Bank Clothiers,"Wilmington, NC"
Branch Sales Associate (Part Time),Grainger,"Fife, WA"
Assistant Manager Student Services,Pearson,"Juneau, AK"
Exam Scorer- Physical Education,Pearson,"Sacramento, CA"
Assistant Manager Student Services,Pearson,United States
Senior Full Stack Software Engineer,Neighborly Software,Atlanta Metropolitan Area
Associate Hospitality Leader,RH,"San Francisco, CA"
"Supervisor, HIM (H)",University of Miami,"Miami, FL"
Sr. Information Security Engineer,Bill & Melinda Gates Foundation,"Seattle, WA"
"Contract Administrator – Climate Action, Sustainability and Resiliency",City and County of Denver,"Denver, CO"
"Compounder (3rd Shift) - Princeton, NJ",dsm-firmenich,"Princeton, NJ"
Client Advocate - Natural Resources,WTW,"Houston, TX"
Retail Concepts Specialist,Mainz Brady Group,"Boston, MA"
Bookkeeper,SRA 831(b) Admin,"Eagle, ID"
"Vice President, Portfolio & Transaction Management - Value Chain Finance",Rabobank,"New York, NY"
Showroom Administrative Assistant,Rampart Supply a division of Cregger Company,"Bluffton, SC"
Primary Care APP - Nurse Practitioner #3990,TrueCare,"San Marcos, CA"
Relationship Banker,Bank of America,"Wildwood, MO"
Senior Global Financial Crimes Investigator,Bank of America,"Chicago, IL"
Post Doctoral Associate,University of Miami,"Miami, FL"
Authorization Specialist - REMOTE,Myriad Genetics,"Salt Lake City, UT"
Authorization Specialist - REMOTE,Myriad Genetics,United States
Sales Representative (Marketing),OneForce,United States
"Compounder (2nd Shift) - Princeton, NJ",dsm-firmenich,"Princeton, NJ"
"Process Safety Engineer - Exton, PA",dsm-firmenich,"Exton, PA"
Retail Sales Associate - NEW STORE OPENING,Skechers,"Cookeville, TN"
Paid Social Media Marketing Analyst,WTW,"Raleigh, NC"
Construction Estimator,"WEBCO HR, Inc","Sacramento, CA"
Data Engineer,Mainz Brady Group,"Beaverton, OR"
Teller - Part Time,STCU,"Chewelah, WA"
Senior Front-End Engineer (remote),myGwork - LGBTQ+ Business Community,"Olympia, WA"
Brand Representative,"Dynamic Retail Promotions, Inc. ","San Antonio, TX"
Human Resources Manager,SolidCAM,"Newtown, PA"
Driver,Christine Martin Law,"Laguna Hills, CA"
Full Desk Recruiter,Medicus Healthcare Solutions,"Windham, NH"
Full-Time Associate Manager (Birch Lane),Wayfair,"Sarasota, FL"
"Sr. Quality Technician,",Baxter International Inc.,"Round Lake, IL"
Remote Customer Service Representative,,"Texas, United States"
HVAC Mechanic I,NC Department of Adult Correction,"Halifax County, NC"
Judicial Services Coordinator - Buncombe,NC Department of Adult Correction,"Buncombe County, NC"
Bilingual Spanish Medical Asst. O'Side Mission Mesa Womens #4060,TrueCare,"San Marcos, CA"
Weekends ONLY -Advanced Practice Provider #3888,TrueCare,"San Marcos, CA"
Nurse Practitioner -in Vista- New Location!!,TrueCare,"San Marcos, CA"
Registered Nurse (RN) - Emergency Department - Weekend Program,UVA Health,"Charlottesville, VA"
VP of Sales,J. Galt,United States
Sales Manager,J. Galt,United States
Security Engineer,Zeneth Technology Partners,Washington DC-Baltimore Area
Senior Data Engineer (Property Reinsurance/ Speciality Reinsurance) - 100% Remote,Avesta Computer Services,United States
Senior React Native Developer,Avesta Computer Services,"Austin, TX"
Relationship Banker,Bank of America,"St Louis, Missouri, United States"
Relationship Banker,Bank of America,"Ballwin, MO"
Sr. Leasing Sales Support Associate,Bank of America,"Boston, MA"
"Director, Professional Coding (H)",University of Miami,"Medley, FL"
User Experience Researcher,PayPal,"New York, NY"
"Director, Scaled Marketing",Zendesk,United States
"Compounder (2nd Shift) - Princeton, NJ",dsm-firmenich,"Princeton, NJ"
Retail Product Specialist - Pismo Beach,Skechers,"Pismo Beach, CA"
Fractional CMO Partner (Marketing),OneForce,United States
Sr QA Engineer,SKIMS,"Los Angeles, CA"
Senior Software Engineer,Mainz Brady Group,"Oakland, CA"
Network Advanced Services Engineer (Wireless or Security),Arista Networks,"Los Angeles, CA"
"C++ Developer with Python - Remote @ Sandiego, CA",DRS IT Solutions Inc,"California, United States"
Senior Front-End Engineer (remote),myGwork - LGBTQ+ Business Community,"Topeka, KS"
Senior Front-End Engineer (remote),myGwork - LGBTQ+ Business Community,"Little Rock, AR"
"Sr. Department Coordinator,",Baxter International Inc.,"Deerfield, IL"
Librarian,Monica Ros School,"Ojai, CA"
Business Manager,CXO Inc.,"Chicago, IL"
Janitor (4930),National Radio Astronomy Observatory,"Socorro, NM"
Vice President Operations,Odingard Capital Management,"Tulsa, OK"
Bilingual Spanish Medical Assistant San Marcos - #3966,TrueCare,"San Marcos, CA"
Bilingual Spanish Medical Assistant Oceanside - #3988,TrueCare,"San Marcos, CA"
Advanced Practice Provider-Outpatient Clinic - Adults,TrueCare,"San Marcos, CA"
 Senior Cyber Threat Intel Analyst,Zeneth Technology Partners,Washington DC-Baltimore Area
HR Manager,Vaco,"Louisville, KY"
User Experience Researcher,PayPal,"New York, NY"
Machine Learning Researcher,Yimo,"California, United States"
Senior Rust Engineer || 5Y+ || Remote (USA) || Immediate Joiner ||,Connect io IT Pvt Ltd,United States
Construction Superintendent,"Fry Construction, Inc.","Dallas, TX"
Medical Assistant,ADVANCED MEDICAL HEALTH SERVICES PC,"Queens, NY"
Senior Front-End Engineer (remote),myGwork - LGBTQ+ Business Community,"Columbia, MO"
Leasing Consultant,Portico PM,"Garland, TX"
Product Manager,Andes,"Alameda, CA"
People & Culture Partner,myGwork - LGBTQ+ Business Community,"Atlanta, GA"
Regulatory Reporting Consultant,Phaxis,New York City Metropolitan Area
Work From Home Customer Service,,"California, United States"
Remote Customer Service Representative,,"California, United States"
Product Maintenance Engineer,The Contingent,"Portland, Oregon Metropolitan Area"
Bilingual Spanish Medical Assistant San Marcos Pediatrics-#4062,TrueCare,"San Marcos, CA"
Registered Dental Assistant- Bilingual Spanish! Pediatrics!!,TrueCare,"San Marcos, CA"
Customer Benefits Representative - Entry Level!,,"California, United States"
"Customer Success Manager, Community Education",Replo,San Francisco Bay Area
Patient Access Specialist,UVA Health,"Haymarket, VA"
Patient Access Specialist,UVA Health,"Culpeper, VA"
Finance Manager,Black United Fund of Oregon,"Portland, Oregon Metropolitan Area"
Overnight Guest Services Agent,"The Hoffmann Hotel Basalt Aspen, Tapestry Collection by Hilton","Basalt, CO"
Independent Contractor,,United States
Business Development Manager,J. Galt,United States
Plant Controller,,"Bethlehem, PA"
Senior ETL Data Engineer - Reinsurance - Remote,Avesta Computer Services,United States
Regional Marketing Manager USCAN,myGwork - LGBTQ+ Business Community,United States
"Compounder (1st Shift) - Princeton, NJ",dsm-firmenich,"Princeton, NJ"
Criminal Defense Paralegal in Glendale,Adams & Martin Group,"Glendale, CA"
Senior Front-End Engineer (remote),myGwork - LGBTQ+ Business Community,"Sacramento, CA"
DATA CENTER PROJECT MANAGER,Carter Machinery,"Elkridge, MD"
Licensed Vocational NURSE- Primary Care -Community Clinic,TrueCare,"San Marcos, CA"
Certified Nurse Midwife - Full Time in North San Diego,TrueCare,"San Marcos, CA"
Talent Acquisition Specialist,GRAPHIC T-SHIRTS™,United States
Registered Nurse (RN)  - Thoracic Cardiovascular Intensive Care Unit (TCV ICU) - Wage/PRN,UVA Health,"Charlottesville, VA"
Senior Software Engineer,HyperThinkUS,United States
Customer Care/Warranty Service Manager,David Weekley Homes,"Minneapolis, MN"
Senior Client Solutions Associate - Philadelphia,myGwork - LGBTQ+ Business Community,"Philadelphia, PA"
"Facility Maintenance Technician - 1st Shift (Tuesday - Saturday),",Baxter International Inc.,"Round Lake, IL"
Graphic Designer,,New York City Metropolitan Area
Director of Philanthropy,TOP Jewish Foundation,"Tampa, FL"
VLBA Technical Specialist I - II (4869),National Radio Astronomy Observatory,"North Liberty, IA"
Bilingual Spanish Medical Asst. O'Side Mission Mesa Womens #4061,TrueCare,"San Marcos, CA"
"Behavioral Health Consultant - LMFT, LPCC, LCSW or Psycologist",TrueCare,"San Marcos, CA"
Registered Nurse Supervisor- Family Medicine,TrueCare,"San Marcos, CA"
Bilingual Spanish Medical Assistant San Marcos - #3966,TrueCare,"San Marcos, CA"
EMT or AEMT - Emergency Medical Services (Medic V & Pegasus Ground),UVA Health,"Charlottesville, VA"
Registered Nurse (RN) - Surgical Trauma ICU (STICU),UVA Health,"Charlottesville, VA"
Sales Manager,J. Galt,"Ann Arbor, MI"
Senior .NET Developer (100% Remote),SCOUT Solutions,United States
Real Estate Agent,Coastal Realty Group,"Palm Beach County, FL"
Senior Front-End Engineer (remote),myGwork - LGBTQ+ Business Community,"Indianapolis, IN"
Senior Front-End Engineer (remote),myGwork - LGBTQ+ Business Community,"Juneau, AK"
"Senior Manager Manufacturing,",Baxter International Inc.,"Round Lake, IL"
Remote Customer Service Representative,,"Florida, United States"
FX Documentation Associate,Phaxis,New York City Metropolitan Area
Kitchen Steward,"College Fresh, Inc.","Baton Rouge, LA"
Medical Assistant Supervisor- Outpatient Pediatrics Clinic,TrueCare,"San Marcos, CA"
Registered Dental Assistant Float,TrueCare,"San Marcos, CA"
Utilization Management RN,UVA Health,"Charlottesville, VA"
Deputy Chief Financial Officer,,San Francisco Bay Area
Project Advisor,Movement Strategy Center,"Oakland, CA"
Senior Mechanical Engineer 1,Vimaan,"San Jose, CA"
"Co-Founder (Sales, No Salary)",Chaibag - A Specialty Chai Co.,"Ohio, United States"
CNA - Up to $18.25/hrly (based on experience),"NHS Management, LLC","Birmingham, AL"
Remote Customer Service Representative,,"Ohio, United States"
Marketing Coordinator,The Contingent,"Indianapolis, IN"
Mobile Registered Dental Assistant,TrueCare,"San Marcos, CA"
Primary Care Provider for Community Clinic - APP or MD/DO,TrueCare,"San Marcos, CA"
Remote Customer Service Representative,,"Washington, United States"
Remote Customer Service Representative,,"Tennessee, United States"
Sales Representative,J. Galt,United States
Senior Desktop Support - Menlo,Eleven Recruiting,"Menlo Park, CA"
Sales Manager,J. Galt,"Oshkosh, WI"
Sales Manager,J. Galt,"Los Angeles, CA"
Sales Representative,J. Galt,United States
Compliance Specialist,Northmarq,Greater Bloomington Area
"Sustainability Specialist - Deforestation,",ALDI USA,"Aurora, IL"
Sales Manager,J. Galt,"Lake Charles, LA"
Sales Manager,J. Galt,"Yuba City, CA"
Sales Manager,J. Galt,"Ithaca, NY"
Sales Manager,J. Galt,"Evansville, IN"
Sales Manager,J. Galt,"St Cloud, MN"
Sales Manager,J. Galt,"Jackson, MI"
Sales Manager,J. Galt,"Whitewater, WI"
Sales Manager,J. Galt,"Norwich, CT"
Sales Manager,J. Galt,"Santa Fe, NM"
Sales Manager,J. Galt,"Twin Falls, ID"
Sales Manager,J. Galt,"Tuscaloosa, AL"
Sales Manager,J. Galt,"Wichita, Kansas Metropolitan Area"
Sales Manager,J. Galt,"Claremont, NH"
Sales Manager,J. Galt,"Bay City, MI"
Sales Manager,J. Galt,"Salem, OR"
Sales Manager,J. Galt,"Rochester, MN"
Sales Manager,J. Galt,"Huntington, WV"
Sales Manager,J. Galt,"York, PA"
Sales Manager,J. Galt,"Michigan City, IN"
Sales Manager,J. Galt,"Springfield, MO"
IT Help Desk Technician,"Peckham Industries, Inc.","Middletown, NY"
Sales Manager,J. Galt,"Hot Springs, AR"
Sales Manager,J. Galt,"Iowa City, IA"
Sales Manager,J. Galt,Shreveport-Bossier City Area
Sales Manager,J. Galt,"Florence, SC"
Sales Manager,J. Galt,"Roanoke, VA"
Sales Manager,J. Galt,"Lebanon, PA"
Sales Manager,J. Galt,"Prescott, AZ"
Sales Manager,J. Galt,"Harrisonburg, VA"
Sales Manager,J. Galt,"Yuma, AZ"
Sales Manager,J. Galt,"Sheboygan, WI"
Sales Manager,J. Galt,"Watertown, NY"
Sales Manager,J. Galt,"Gadsden, AL"
Lead Shop Mechanic (Req #: 805),"Peckham Industries, Inc.","Shaftsbury, VT"
Sales Manager,J. Galt,"Roseburg, OR"
Sales Manager,J. Galt,Killeen-Temple Area
Truck Driver Haul Truck (Req #: 799),"Peckham Industries, Inc.","Pleasant Valley, NY"
Sales Manager,J. Galt,"Bluefield, WV"
Document Specialist,Way2Class,United States
Sales Manager,J. Galt,"Traverse City, MI"
Sales Manager,J. Galt,"Dover, DE"
Sales Manager,J. Galt,"Idaho Falls, ID"
Sales Manager,J. Galt,"Vallejo, CA"
Sales Manager,J. Galt,"Dunn, NC"
Campus Recruiting Coordinator,SearchPointNY,"Washington, DC"
Sales Manager,J. Galt,"Decatur, IL"
Chief Financial Officer,,"Oakland, CA"
Sales Manager,J. Galt,"The Villages, FL"
Sales Manager,J. Galt,"Torrington, CT"
Sales Manager,J. Galt,Dayton Metropolitan Area
Sales Manager,J. Galt,"San Antonio, Texas Metropolitan Area"
Sales Manager,J. Galt,"Minneapolis, MN"
"Travel Nurse RN - OR - $2,093 to $2,307 per week in Arcata, CA",TravelNurseSource,"Arcata, CA"
Sales Manager,J. Galt,"Lincoln, NE"
Sales Manager,J. Galt,"Flint, MI"
"Travel RRT in Mason City, IA",Job.com,"Mason City, IA"
"Travel Echo Tech - $3,562 per week in Chico, CA","Source Medical Staffing, LLC.","Chico, CA"
Sales Manager,J. Galt,"Houma, LA"
"Travel Nurse RN - Rehab - $1,112 per week in Montgomeryville, PA",TravelNurseSource,"Montgomeryville, PA"
Sales Manager,J. Galt,"Victoria, TX"
Sales Manager,J. Galt,"Morristown, TN"
Sales Manager,J. Galt,"San Francisco, CA"
Sales Manager,J. Galt,Beaumont-Port Arthur Area
Sales Manager,J. Galt,"Albany, New York Metropolitan Area"
Sales Manager,J. Galt,"Syracuse, NY"
Sales Manager,J. Galt,"Baltimore, MD"
Sales Manager,J. Galt,North Port-Sarasota Area
Sales Manager,J. Galt,"Fayetteville, AR"
Sales Manager,J. Galt,"Phoenix metropolitan area, AZ"
Sales Manager,J. Galt,"Toledo, Ohio Metropolitan Area"
Sales Manager,J. Galt,"Jacksonville, FL"
Sales Manager,J. Galt,"St Louis, MO"
Central Service Courier,B. Braun Medical Inc. (US),"Newark, NJ"
Sales Manager,J. Galt,"Oxnard, CA"
Sales Manager,J. Galt,"Bismarck, ND"
Sales Manager,J. Galt,Crestview-Fort Walton Beach-Destin Area
Director of Pharmacy,B. Braun Medical Inc. (US),"Miramar, FL"
"Travel Nurse RN - Med/Surg - $1,666 per week in Bryan, TX",TravelNurseSource,"Bryan, TX"
Sales Manager,J. Galt,"Lancaster, PA"
Sales Manager,J. Galt,"Poughkeepsie, NY"
Traffic Control Flagger,Wright,"Williamsport, PA"
Site Manager Lafayette IN,"Clean Team, Inc.","Lafayette, IN"
"Travel Nurse RN - Oncology - $2,286 per week in Cedar Rapids, IA",TravelNurseSource,"Cedar Rapids, IA"
Sales Manager,J. Galt,"Chico, CA"
"Travel Nurse RN - Telemetry - $1,756 per week in Warren, MI",TravelNurseSource,"Warren, MI"
"Travel Nurse RN - Cath Lab - $2,034 per week in Charleston, SC",Pulse Healthcare Services,"Charleston, SC"
Surgical Technology Instructor,Carrington College,"San Jose, CA"
Sales Manager,J. Galt,Urbana-Champaign Area
Sales Manager,J. Galt,"Winchester, VA"
"Supervisor I, Quality Control (Microbiology)",B. Braun Medical Inc. (US),"Allentown, PA"
"Travel Nurse RN - ER/Trauma - $2,611 per week in Fresno, CA",TravelNurseSource,"Fresno, CA"
"Travel Nurse RN - Occupational in Fort Defiance, AZ - Excellent Benefits 2024-04-05",TravelNurseSource,"Ganado, AZ"
"Travel Nurse RN - Telemetry - $2,026 per week in Jackson, TN",TravelNurseSource,"Jackson, TN"
Business Development,Quantum Pain and Orthopedic,"Austin, TX"
Sales Manager,J. Galt,"Chambersburg, PA"
Sales Manager,J. Galt,"Kahului, HI"
Kissing Camels Grille Host/Hostess - Seasonal,Garden of the Gods Resort and Club,"Colorado Springs, CO"
Master Fitter,Path Engineering,"Barberton, OH"
Nurse Educator,"Progressive Community Health Centers, Inc.","Milwaukee, WI"
"Travel Nurse RN - Long-Term Care in Honokaa, HI",Pulse Healthcare Services,"Honokaa, HI"
"Travel Nurse RN - ICU/Critical Care - $1,895 per week in Fayetteville, NC",TravelNurseSource,"Fayetteville, NC"
Hospice Music Therapist,Moments Hospice,"Annandale, MN"
"Travel Nurse RN - Labor/Delivery - $1,990 per week in Midland, TX",TravelNurseSource,"Midland, TX"
"Travel Nurse RN - CVICU - $2,308 per week in Edgewood, KY",TravelNurseSource,"Fort Mitchell, KY"
"Travel Nurse RN - Med/Surg - $2,062 per week in Cape Girardeau, MO",TravelNurseSource,"Cape Girardeau, MO"
Sheet Metal Mechanic,Perpetual Labor Sourcing,"Clinton, MS"
Sales Manager,J. Galt,"Staunton, VA"
Sales Manager,J. Galt,"Athens, GA"
General Dentist Part-Time,"Mid America Health,Inc","Chillicothe, OH"
Sales Manager,J. Galt,"Mankato, MN"
"Lescombes Family Vineyards - Regional Sales Supplier Representative - El Paso, Tx",Lescombes Family Vineyards,"El Paso, TX"
Solution Architect,SysMind,"New York, NY"
Content Developer | Bio & Psychology,Way2Class,United States
"Travel Nurse RN - ICU/Critical Care - $1,972 per week in Chillicothe, OH",ARMStaffing,"Chillicothe, OH"
Registered Behavior Technician (RBT),Peak Potential Therapy,"Northfield, OH"
"Travel Nurse RN - Rehab - $2,187 per week in Fort Thomas, KY",TravelNurseSource,"Fort Thomas, KY"
Receiving Associate,B. Braun Medical Inc. (US),"Hazelwood, MO"
Diesel Technician / Mechanic - PFM Auto Castleton,GreatWater 360 Auto Care,"Indianapolis, IN"
"Travel Nurse RN - CVOR - $2,680 per week in Wausau, WI",TravelNurseSource,"Wausau, WI"
Sales Manager,J. Galt,"Anniston, AL"
Sales Manager,J. Galt,"Nashville, TN"
Housekeeper,Caldera Care,"Raymond, WA"
"Travel Nurse RN - Telemetry - $2,206 per week in Martinsburg, WV",TravelNurseSource,"Martinsburg, WV"
Parts Counterperson,"DCD Automotive Holdings, INC","Norwood, MA"
Sales Manager,J. Galt,"Philadelphia, PA"
Sales Manager,J. Galt,"Champaign, IL"
Sales Manager,J. Galt,"Topeka, KS"
Sales Manager,J. Galt,"Hanford, CA"
"Travel Nurse RN - $38,094 to $42,234 per week in Santa Clara, CA",TravelNurseSource,"Santa Clara, CA"
"Travel Nurse RN - Med/Surg - $1,552 per week in Jackson, MS",TravelNurseSource,"Flowood, MS"
"Travel Nurse RN - OR - $2,553 per week in Arcata, CA",TravelNurseSource,"Arcata, CA"
"Travel Nurse RN - $1,967 to $2,181 per week in San Mateo, CA",TravelNurseSource,"San Mateo, CA"
"Travel Nurse RN - ICU/Critical Care - $2,003 to $2,221 per week in Montgomery, AL",TravelNurseSource,"Montgomery, AL"
"Travel Nurse RN - Med/Surg - $2,062 per week in Globe, AZ",TravelNurseSource,"Globe, AZ"
"Travel Nurse RN - OB/GYN - $2,088 per week in Petoskey, MI",TravelNurseSource,"Petoskey, MI"
"Travel Nurse RN - ER/Trauma - $2,429 per week in Elizabethtown, NY",TravelNurseSource,"Elizabethtown, NY"
"Travel Nurse RN - ER/Trauma - $2,052 per week in Cleveland, OH",TravelNurseSource,"Cleveland, OH"
"Travel Nurse RN - ER/Trauma - $2,281 per week in Elizabethtown, NY",TravelNurseSource,"Elizabethtown, NY"
"Travel Nurse RN - Psych - $1,854 per week in Bolivar, MO",TravelNurseSource,"Bolivar, MO"
Marketing Co-founder,DDream.Land,"California, United States"
PATIENT CARE COORDINATOR (MEDICAL),Comprehensive Community Health Centers,"Glendale, CA"
CLINIC STAFF TRAINER (CERTIFIED MEDICAL ASSISTANT),Comprehensive Community Health Centers,"Glendale, CA"
MEDICAL ASSISTANT,Comprehensive Community Health Centers,"Glendale, CA"
Hospice Nurse - Per Diem,Notre Dame Health Care Center Inc.,"Worcester, MA"
Head of Business Development,10x Company Jobs,United States
Facilities Laborer/Maintenance,"Wisconsin Community Services, Inc.","Milwaukee, WI"
Youth Treatment Specialist - Bakari,"Wisconsin Community Services, Inc.","Milwaukee, WI"
LPN,VIP Community Services,"Bronx, NY"
BCBA (Board Certified Behavior Analyst),Rise Up For Autism,"Tinley Park, IL"
"Travel Nurse RN - ER/Trauma - $1,658 to $1,838 per week in Fort Washington, MD",TravelNurseSource,"Fort Washington, MD"
Revenue Cycle Claims Specialist,USA CLINIC SL,"Northbrook, IL"
Speech Language Pathologist (SLP) - Home Healthcare,Amazing Care Home Health Services - CO,"Denver, CO"
Order Fulfillment Associate,B. Braun Medical Inc. (US),"Hazelwood, MO"
"Travel Nurse RN - ICU/Critical Care - $2,004 per week in Springfield, MA",TravelNurseSource,"Indian Orchard, MA"
Sales Manager,J. Galt,Omaha Metropolitan Area
Special Education Teacher for 2024-2025 School Year,New Story Schools ,"Jeannette, PA"
"Travel Nurse RN - Med/Surg - $2,074 per week in Travelers Rest, SC",TravelNurseSource,"Travelers Rest, SC"
Cloud Application Engineer,Trustwave,United States
New Business Sales Manager,Empowering Mindset,"Arizona, United States"
Annual & Corporate Giving Director,Sacramento LGBT Community Center,"Sacramento, CA"
Truck Driver CDL Class A,PHM Brands,"Dawn, TX"
Behavioral Health Technician Lake Worth FL,United Recovery Project,"Lake Worth, FL"
NURSE PRACTITIONER,Comprehensive Community Health Centers,"Las Vegas, NV"
Recovery Navigator - Hub & Spoke Program,"Wisconsin Community Services, Inc.","Milwaukee, WI"
"Medical Assistant Dunnellon $1,000 Sign on Bonus",PedIM Healthcare,"Dunnellon, FL"
"Clinical Supervisor *Sign-On Bonus $2,500- $3,500*",VIP Community Services,"Bronx, NY"
PEER SUPPORT WORKER: BRONX Location,VIP Community Services,"Bronx, NY"
Per Diem Registered Nurse,VIP Community Services,"Bronx, NY"
"Travel Nurse RN - Med/Surg - $1,997 per week in Sioux City, IA",TravelNurseSource,"Sioux City, IA"
"Travel Nurse RN - ER/Trauma - $1,990 per week in Lewiston, ME",TravelNurseSource,"Lewiston, ME"
Surgical Scheduler,Mile Bluff Medical Center,"Mauston, WI"
HR Representative,Cooper-Booth Wholesale Company,"Mountville, PA"
Data Architect,SS Software Technologies,"Dallas, TX"
"Travel Nurse RN - LTAC in Cody, WY",Pulse Healthcare Services,"Cody, WY"
Sales Manager,J. Galt,Greater Palm Bay-Melbourne-Titusville Area
Sales Manager,J. Galt,Greater Eugene-Springfield Area
"Travel Nurse RN - Med/Surg - $2,062 per week in Ottumwa, IA",TravelNurseSource,"Ottumwa, IA"
"Travel Nurse RN - Med/Surg - $1,966 per week in Danville, VA",TravelNurseSource,"Danville, VA"
"Internal Medicine Job Near Nashville, TN",Atlantic MEDsearch,"Nashville, TN"
"Travel Nurse RN - Pediatrics - $2,540 per week in Gardner, MA",TravelNurseSource,"Gardner, MA"
"Travel Nurse RN - ER/Trauma - $2,062 per week in Dyersville, IA",TravelNurseSource,"Dyersville, IA"
"Travel Nurse RN - Med/Surg - $1,976 per week in Odessa, TX",TravelNurseSource,"Odessa, TX"
"Travel Nurse RN - ICU/Critical Care - $2,376 per week in Ogdensburg, NY",TravelNurseSource,"Ogdensburg, NY"
"Travel Nurse RN - ICU/Critical Care - $2,090 per week in Pontiac, MI",TravelNurseSource,"Pontiac, MI"
"Travel Nurse RN - PCU - $2,132 per week in Portsmouth, NH",TravelNurseSource,"Portsmouth, NH"
"Travel Nurse RN - Labor/Delivery - $2,268 per week in Keene, NH",TravelNurseSource,"Keene, NH"
"Travel Nurse RN - Dialysis - $1,745 per week in Westlake, OH",TravelNurseSource,"Westlake, OH"
"Travel Nurse RN - ICU/Critical Care - $2,016 per week in Hickory, NC",TravelNurseSource,"Hickory, NC"
Sales Manager,J. Galt,"Racine, WI"
Sales Manager,J. Galt,"Corning, NY"
"LAC, LAMFT, LMSW",Pathways Counseling Services PLLC,"Scottsdale, AZ"
Digital Marketing Specialist,Clean Power Marketing Group,United States
Manager of Paid Media,Adlantica,United States
Maintenance Technician - 2nd shift,PHM Brands,"Dawn, TX"
Weekend Pastoral or Spiritual Care Assistant - Part Time,Notre Dame Health Care Center Inc.,"Worcester, MA"
Ambulatory Care Nurse - RN,Westside Family Healthcare,"Wilmington, DE"
Registered Nurse - Community Based Mental Health Programs,"Wisconsin Community Services, Inc.","Milwaukee, WI"
"Medical Assistant- Ocala 200 $1,000 Sign on Bonus",PedIM Healthcare,"Ocala, FL"
Nurse Practitioner,PedIM Healthcare,"Inverness, FL"
Employment and Education Specialist (CORE),"Wisconsin Community Services, Inc.","Milwaukee, WI"
Nurse Practitioner,PedIM Healthcare,"Dunnellon, FL"
Therapist,Presbyterian Children's Homes and Services,"Farmington, MO"
MEDICAL ASSISTANT/PHLEBOTOMIST LEVEL 1,CAN Community Health,"Orlando, FL"
MEDICAL ASSISTANT/PHLEBOTOMIST LEVEL1,CAN Community Health,"Las Vegas, NV"
"Intern, Project & Packaging Engineering","Renaissance Lakewood, LLC","Lakewood, NJ"
"Spec II, Healthcare Solutions",B. Braun Medical Inc. (US),"Dallas, TX"
Special Education Teacher - 24/25 School Year,New Story Schools ,"Madera, PA"
"Travel Nurse RN - Dialysis - $2,026 per week in Jersey City, NJ",TravelNurseSource,"Jersey City, NJ"
"Travel Nurse RN - Psych - $1,662 per week in Moosic, PA",TravelNurseSource,"Moosic, PA"
"Travel Nurse RN - Med/Surg - $2,142 per week in Coeur D Alene, ID",TravelNurseSource,"Coeur d'Alene, ID"
"Travel Nurse RN - Med/Surg - $2,468 per week in Biddeford, ME",TravelNurseSource,"Biddeford, ME"
"Travel Nurse RN - ICU/Critical Care - $1,869 per week in Moberly, MO",TravelNurseSource,"Moberly, MO"
"Travel Nurse RN - Telemetry - $1,836 per week in Kalamazoo, MI",TravelNurseSource,"Kalamazoo, MI"
"Travel Nurse RN - ER/Trauma - $1,673 to $1,854 per week in Norristown, PA",TravelNurseSource,"Norristown, PA"
"Travel Nurse RN - PCU - $1,611 per week in Lancaster, SC",TravelNurseSource,"Lancaster, SC"
Sales Manager,J. Galt,"Eau Claire, WI"
Sales Manager,J. Galt,"Akron, OH"
Sales Manager,J. Galt,"Fayetteville, North Carolina Metropolitan Area"
Admissions Coordinator / Phone Representative - Substance Abuse / Mental Health,United Recovery Project,"Pembroke Pines, FL"
STAFF PHYSICIAN FOR URGENT CARE,Comprehensive Community Health Centers,"Glendale, CA"
Staff Nurse RN or LPN (Mental Health Facility),United Recovery Project,"West Palm Beach, FL"
Admissions Coordinator LiveChat Agent,United Recovery Project,"Pembroke Pines, FL"
COMMUNITY HEALTH WORKER,Comprehensive Community Health Centers,"Los Angeles, California, United States"
Ambulatory Care Nurse - RN,Westside Family Healthcare,"Wilmington, DE"
Artikel Writer,,"Houston, TX"
Case Manager - Waukesha County Intoxicated Driver Intervention Program,"Wisconsin Community Services, Inc.","Waukesha, WI"
Case Manager - Targeted Case Management (TCM),"Wisconsin Community Services, Inc.","Milwaukee, WI"
"BMXO or X Ray Tech $1,000 Sign on Bonus Must be State Certified",PedIM Healthcare,"Inverness, FL"
Bilingual Licensed Health Insurance Agent,e-TeleQuote Insurance Inc.,"El Paso, TX"
"Compounder II, 3rd Shift","Renaissance Lakewood, LLC","Lakewood, NJ"
"Intern, Project & Packaging Engineering","Renaissance Lakewood, LLC","Lakewood, NJ"
Seal Product Design Engineer,SKF Group,"Elgin, IL"
Manager of Memory Support/Namaste (LPN),Williamsburg Landing,"Williamsburg, VA"
Delivery Driver - Local Area,Smyth Auto Parts,"Columbus, OH"
Registered Nurse (RN),Santa Fe Recovery Center,"Gallup, NM"
Electrical/Mechanical Repair Specialist - 3rd Shift,"U.S. Tsubaki Power Transmission, LLC","Chicopee, MA"
School Age Assistant Teacher,YMCA of Greater Grand Rapids,"Wayland, MI"
Warehouse Specialist,Automation-X,"Oklahoma City, OK"
Garden Team Member - Seasonal & Part Time,GoMacro,"Viola, WI"
Advanced Practitioner - Nurse Practitioner or Physician Assistant,"ANOVAWORKS, PLLC","Wenatchee, WA"
Surgical Estimator,Orthopedic Associates of Hartford,"Hartford, CT"
Full Time Counter Professional,Arnold Motor Supply,"Storm Lake, IA"
"Travel Nurse RN - ICU/Critical Care - $2,174 per week in Glens Falls, NY",TravelNurseSource,"Glens Falls, NY"
Panel Builder,Timberline Manufacturing,"Marion, IA"
"Travel Nurse RN - Oncology - $1,926 per week in Seattle, WA",TravelNurseSource,"Seattle, WA"
"Travel Nurse RN - ICU/Critical Care - $1,338 to $1,483 per week in Bentonville, AR",TravelNurseSource,"Bentonville, AR"
"Travel Nurse RN - Med/Surg - $1,455 per week in Glens Falls, NY",TravelNurseSource,"Glens Falls, NY"
Sales Manager,J. Galt,"Green Bay, WI"
"Travel Nurse RN - Long-Term Care - $1,080 per week in Gardendale, AL",TravelNurseSource,"Gardendale, AL"
"Travel Nurse RN - Telemetry - $1,736 to $1,925 per week in Knoxville, TN",TravelNurseSource,"Knoxville, TN"
"Travel Nurse RN - Long-Term Care - $783 per week in Wyncote, PA",TravelNurseSource,"Wyncote, PA"
"Travel Nurse RN - Interventional Radiology - $2,610 per week in Canton, GA",TravelNurseSource,"Canton, GA"
"Travel Nurse RN - Med/Surg - $2,249 per week in Hyannis, MA",TravelNurseSource,"Hyannis, MA"
"Travel Nurse RN - ER/Trauma - $1,770 to $1,962 per week in Terre Haute, IN",TravelNurseSource,"Terre Haute, IN"
Senior Mechanical Service Technician,"RQ Construction, LLC","Jacksonville, FL"
Sales Manager,J. Galt,"Longview, TX"
Sales Manager,J. Galt,"Brunswick, GA"
Sales Manager,J. Galt,"Sherman, TX"
Sales Manager,J. Galt,"Wheeling, WV"
Licensed Insurance Associate,GreenState Credit Union,"Oak Brook, IL"
Cashier,City of West Hollywood,"West Hollywood, CA"
Business Process Consultant - Strategic Portfolio Management (SPM),,United States
STAFF PHYSICIAN,Comprehensive Community Health Centers,"Las Vegas, NV"
PATIENT MONITORING NAVIGATOR,Comprehensive Community Health Centers,"Glendale, CA"
Facilities Laborer/Maintenance,"Wisconsin Community Services, Inc.","Milwaukee, WI"
Clinician (Bakari),"Wisconsin Community Services, Inc.","Milwaukee, WI"
Housing Specialist - CCS Ancillary,"Wisconsin Community Services, Inc.","Milwaukee, WI"
Front Desk Associate,PedIM Healthcare,"Lecanto, FL"
Nurse Practitioner,PedIM Healthcare,"Lecanto, FL"
Youth Care Coordinator/Youth Advocate - Project Excel,"Wisconsin Community Services, Inc.","Milwaukee, WI"
Registered Nurse,VIP Community Services,"Bronx, NY"
Retail Sales Associate - Full Time,Pure Hockey,"Medford, MA"
MEDICAL ASSISTANT/PHLEBOTOMIST LEVEL1,CAN Community Health,"Pensacola, FL"
"Supervisor, Process Maintenance - Night Shift","Renaissance Lakewood, LLC","Lakewood, NJ"
Manufacturing Engineering Manager,SKF Group,"St Louis, MO"
Pre-Employment Transition Services - Employment Counselor,"Tempus Unlimited, Inc.","Stoughton, MA"
Document Management,"Tempus Unlimited, Inc.","Stoughton, MA"
Primary Care Registered Nurse,"Mountainlands Community Health Center, Inc.","Provo, UT"
Registered Nurse (RN),Santa Fe Recovery Center,"Santa Fe, NM"
Housekeeping Attendant (AM or PM),Heritage Companies,"Taos, NM"
*Warehouse Specialist,Automation-X,"Richland Hills, TX"
Warehouse Specialist,Automation-X,"Oklahoma City, OK"
SBP AmeriCorps Project Lead,SBP,"Mayfield, KY"
"Travel Nurse RN - Telemetry - $1,951 to $2,163 per week in Akron, OH",TravelNurseSource,"Akron, OH"
"Travel Nurse RN - Psych - $2,060 per week in Plattsburgh, NY",TravelNurseSource,"Plattsburgh, NY"
Interior Design Assistant,L. & J.G. Stickley,"Englewood, CO"
"Travel Nurse RN - ER/Trauma - $2,569 per week in Beverly, MA",TravelNurseSource,"Beverly, MA"
"Travel Nurse RN - Med/Surg - $2,070 per week in Newport News, VA",TravelNurseSource,"Newport News, VA"
"Travel Nurse RN - CVICU - $2,250 per week in Allentown, PA",TravelNurseSource,"Allentown, PA"
"Travel Nurse RN - ICU/Critical Care - $2,436 per week in Perth Amboy, NJ",TravelNurseSource,"Fords, NJ"
"Travel Nurse RN - Rehab - $2,101 per week in Pasco, WA",TravelNurseSource,"Pasco, WA"
"Travel Nurse RN - ER/Trauma - $2,016 per week in Hilo, HI",TravelNurseSource,"Hilo, HI"
"Travel Nurse RN - $1,864 per week in Bangor, ME",TravelNurseSource,"Bangor, ME"
Sales Manager,J. Galt,"Virginia Beach, VA"
Sales Manager,J. Galt,"Appleton, WI"
Sales Manager,J. Galt,"La Crosse, WI"
Sales Manager,J. Galt,"Jacksonville, NC"
Sales Manager,J. Galt,"Laredo, TX"
Superintendent (43886),RiseBoro Community Partnership,"Bronx, NY"
Production Operator - 3rd shift,PHM Brands,"Dawn, TX"
Group Facilitator (Mental Health Facility),United Recovery Project,"West Palm Beach, FL"
"Housekeeping and Laundry Supervisor (Assisted Living)- $5,000 Sign-On Bonus",Notre Dame Health Care Center Inc.,"Worcester, MA"
Case Manager - Waukesha County Intoxicated Driver Intervention Program,"Wisconsin Community Services, Inc.","Waukesha, WI"
Nurse Practitioner,PedIM Healthcare,"Ocala, FL"
Medical Assistant,PedIM Healthcare,"Lecanto, FL"
Nurse Practitioner,PedIM Healthcare,"Williston, FL"
LPN,VIP Community Services,"Bronx, NY"
Sr Training Specialist,Exelon,"Philadelphia, PA"
Store Manager,Pure Hockey,"West Fargo, ND"
"Compounder II, 2nd Shift","Renaissance Lakewood, LLC","Lakewood, NJ"
Operational Excellence Engineer II,"Renaissance Lakewood, LLC","Lakewood, NJ"
VP of Digital Enablement and Technology,SKF Group,"Blue Bell, PA"
"Business Controlling, Full Value Chain Americas",SKF Group,"Blue Bell, PA"
Licensed Practical Nurse Personal Care Management Evaluation,"Tempus Unlimited, Inc.","Middlesex County, MA"
Director of Nursing,Williamsburg Landing,"Williamsburg, VA"
"Machine Operator - 3rd shift (M - Th, 9 pm - 7 am)","U.S. Tsubaki Power Transmission, LLC","Sandusky, OH"
Cook,Avesta Housing,"Portland, ME"
Counselor,"TOUCHSTONE RECOVERY CENTER, INC.","Fresno, CA"
Food-Service Director - Summer Camp,"Brock & Company, Inc.","Becket, MA"
District Manager,"Brock & Company, Inc.","Philadelphia, PA"
Food Prep - Corporate Dining P/T,"Brock & Company, Inc.","Manchester, NH"
Full Time Counter Professional Delivery Driver,Arnold Motor Supply,"Worthington, MN"
CMA RMA CST or LPN (Urology),Pinehurst Surgical Clinic,"Pinehurst, NC"
Chief Technology Officer,Canis Vigilans,United States
Product Designer,Ulta Beauty,"Bolingbrook, IL"
Yard Operations,TAL Building Centers,"Cle Elum, WA"
Physical Therapist - PRN,Interim HealthCare Inc.,"Columbia, SC"
Material Flow Coordinator,Tague Lumber Inc.,"Phoenixville, PA"
Private British Chef -LA,Pembury Partners Household Consultancy,New York City Metropolitan Area
Personal Banker I - Floating,Civista Bank,"Napoleon, OH"
"Board Certified Music Therapist - Crestview, FL",Great Strides Rehabilitation,"Crestview, FL"
"Speech Language Pathology Assistant - SLPA - Jacksonville, FL",Great Strides Rehabilitation,"Jacksonville, FL"
Property Maintenance | Mental Health,Collaborative Support Programs of NJ,"Clifton, NJ"
Clinical Plan Coordinator | Licensed | Mental Health,Collaborative Support Programs of NJ,"Barrington, NJ"
Commercial Tire Technician,Best-One Tire & Service,"Shelbyville, KY"
Maintenance Technician II,CRMG,"Portland, OR"
Maintenance Technician II,CRMG,"Redmond, OR"
HVAC Service Technician,ABC Home & Commercial Services - Texas ,"Bryan, TX"
Academic Instructor - Mathematics,Career Systems Development Corp,"San Jose, CA"
Recreation Specialist - Saj,Career Systems Development Corp,"San Jose, CA"
Family Engagement Associate,A Hiring Company,"Baldwin Park, CA"
Maintenance Worker / Driver,Career Systems Development Corp,"San Jose, CA"
Human Resources Recruiter,Career Systems Development Corp,"Ottumwa, IA"
Registered Nurse,Career Systems Development Corp,"San Jose, CA"
Registered Nurse,Career Systems Development Corp,"Brooklyn, NY"
Career Technical Training Manager,Career Systems Development Corp,"San Jose, CA"
Kiln Operator,Florim USA,"Clarksville, TN"
Counselor,"New Haven Youth and Family Services, Inc.","Vista, CA"
Commercial Roofing Salesperson,Progressive Roofing,"Columbus, OH"
RN - Kettering - Progressive Care Cardiac Telemetry - FT/Nights,Kettering Health,"Kettering, OH"
RN - Dayton - Surgical Intensive Care - FT/Nights,Kettering Health,"Dayton, OH"
Athletic Trainer - Centerville - Sports Medicine - FT/Varied Shift,Kettering Health,"Centerville, OH"
Order Management Analyst,V Group Inc.,"Richmond, VA"
Branch Manager,Jet Direct Mortgage,Greater Chattanooga
Branch Manager,Jet Direct Mortgage,"Greenville-Spartanburg-Anderson, South Carolina Area"
Internal Wholesaler- Small Market (Retirement Solutions),Principal Financial Group,"Appleton, WI"
Affiliate Marketing Specialist,Belindo ,United States
Branch Manager,Jet Direct Mortgage,Greater Corpus Christi Area
Associate Underwriter,Principal Financial Group,"Des Moines, IA"
Business Development/Sales Director (Remote),inSegment,United States
Licensed Practical Nurse (LPN),Ciena Healthcare,"Lowell, MI"
Cook,Ciena Healthcare,"Livonia, MI"
Registered Dietitian (RD),Ciena Healthcare,"Warren, MI"
Electrical Foreman I,Zachry Group,"Port Sulphur, LA"
Registered Nurse (RN),Ciena Healthcare,"Dayton, OH"
Registered Nurse (RN),Ciena Healthcare,"Coldwater, MI"
Account Director (Medical Communications),Meet,"California, United States"
Branch Manager,Jet Direct Mortgage,"Sebastian, FL"
Cook,Ciena Healthcare,"Blanchester, OH"
State Tested Nursing Assistant (STNA),Ciena Healthcare,"Columbus, OH"
Licensed Practical Nurse (LPN),Ciena Healthcare,"Defiance, OH"
Maintenance Director,Ciena Healthcare,"Mt. Vernon Woods, Ohio, United States"
Assistant Director of Nursing (ADON),Ciena Healthcare,"Chagrin Falls, OH"
Certified Nursing Assistant (CNA),Ciena Healthcare,"Hendersonville, NC"
Licensed Practical Nurse (LPN),Ciena Healthcare,"Shelby Township, MI"
State Testing Nursing Assistant (STNA),Ciena Healthcare,"Hillsboro, OH"
Licensed Practical Nurse (LPN),Ciena Healthcare,"Asheville, NC"
Licensed Practical Nurse (LPN),Ciena Healthcare,"St Clair Shores, MI"
Mechanical Planner,Zachry Group,"Geismar, LA"
"Manager, Outplacement Services / Career Coach & Resume Writer *In-Office - Omaha, NE (Full or Part-Time)",Hemphill - Search • Consulting • Staffing,"Omaha, NE"
Lease Administrator,Bear Real Estate Group,"Kenosha, WI"
System Programmer,Hansen Talent Group (HTG),"Columbia, South Carolina Metropolitan Area"
Engineer,Aditi Consulting,"New Albany, OH"
Security Compliance Analyst III,Aditi Consulting,"Menlo Park, CA"
Sr. Data Intelligence Analyst- RWE,MMIT (Managed Markets Insight & Technology),United States
Technical Business Analyst with Propert and Causalty Experience,Visionary Innovative Technology Solutions LLC,"Richmond, VA"
Maintenance Technician,Bear Real Estate Group,"Kenosha, WI"
Branch Manager,Jet Direct Mortgage,Greater Augusta Area
Branch Manager,Jet Direct Mortgage,Greater Salisbury Area
Supervisory Criminal Investigator (Resident Agent in Charge),ATF,"Albuquerque, NM"
Registered Nurse (RN),Ciena Healthcare,"Wayland, MI"
Certified Nursing Assistant (CNA),Ciena Healthcare,"Detroit, MI"
Subcontract Administrator III,Zachry Group,"Port Sulphur, LA"
Electrician I,Zachry Group,"Sweeny, TX"
Territory Sales - Medical Sales - Long Island,"Direct Sales Recruiting, LLC","Hempstead, NY"
Accounting / Finance Recruiting Manager Entrepreneurial Position with Significant Income,Hemphill - Search • Consulting • Staffing,"Omaha, NE"
Program Manager Non - Tech 4,Aditi Consulting,"Redmond, WA"
Process Engineer V,Aditi Consulting,"Redmond, WA"
Nursing Assistant - Float Nursing Staff - Days/Evenings/Nights,WellSpan Health,"Lebanon, PA"
"Patient Services Assistant I (Part-time, Nights)",WellSpan Health,"Ephrata, PA"
Business Planner,Jacques Marie Mage,"Los Angeles, CA"
VP of Tax - Financial Services - NYC,Michael Page,"New York, NY"
SAP Consultant,VYZE INC,"Houston, TX"
"Trader, Managed Accounts",Federated Hermes,"Pittsburgh, PA"
Registered Nurse (RN),Ciena Healthcare,"Detroit, MI"
Licensed Practical Nurse (LPN),Ciena Healthcare,"Fort Gratiot Township, MI"
Activities Director,Ciena Healthcare,"Butler, IN"
Certified Nursing Assistant (CNA),Ciena Healthcare,"Deckerville, MI"
Admission Nurse  Registered Nurse RN,Ciena Healthcare,"Richmond, VA"
Certified Nursing Assistant (CNA),Ciena Healthcare,"Novi, MI"
Director of Social Services,Ciena Healthcare,"Goshen, IN"
Associate Manufacturing Engineer,SSi People,"New Albany, OH"
Program Manager Non - Tech 4,Aditi Consulting,"Redmond, WA"
Territory Sales - Medical Sales - UT,"Direct Sales Recruiting, LLC",Salt Lake City Metropolitan Area
Perioperative Nurse - Surgery Center - Day,WellSpan Health,"Lebanon, PA"
C-Suite Executive Assistant,Atlas Search,New York City Metropolitan Area
Java Developer,Collabera,"Jersey City, NJ"
Accounting / Finance Recruiting Manager Entrepreneurial Position with Significant Income,Hemphill - Search • Consulting • Staffing,"Omaha, NE"
Senior Project Manager,Bear Real Estate Group,"Kenosha, WI"
"Occupational Therapist - Up to $10,000 sign-on bonus",RehabVisions,"Dalhart, TX"
Office Assistant,United Senior Brokerage,"Statesboro, GA"
Business Specialist,Hemphill - Search • Consulting • Staffing,Omaha Metropolitan Area
Callidus SPM Operations Manager(SAP),PDSSOFT INC.,"Charlotte, NC"
Medical Assistant\/LPN-Boise Peds,Full Circle Health,"Boise, ID"
Burger King Restaurant General Manager,GPS Hospitality,"Chattanooga, TN"
Field Survey Technician,EDR (Environmental Design & Research) ,"New York, United States"
Medical Biller - 221671,Medix™,"Fort Lee, NJ"
System Engineer,Hansen Talent Group (HTG),"South Carolina, United States"
Hybrid (Only W2 role ) :: QA Lead with banking domain exp  :: Dallas TX :: contract ,Visionary Innovative Technology Solutions LLC,"Dallas, TX"
Corporate Litigation Paralegal (In-House),Epiq,"Greenwich, CT"
Customer Service Representative-UT,Russell Tobin,"South Jordan, UT"
Sales Executive,DatumSquare IT Services,"Kansas City, KS"
Seasonal Auto Glass Repair Service Specialist,Safelite,"Thornton, CO"
Auto Glass Repair Specialist II,Safelite,"Austin, TX"
Auto Glass Installation Technician Trainee,Safelite,"Auburn, WA"
Registered Nurse Casual - Intensive Care Unit,McLaren Health Care,"Port Huron, MI"
Medical Assistant - Woman's Health,McLaren Health Care,Greater Lansing
Medical Assistant - Neurology,McLaren Health Care,"Clinton Township, MI"
Integrated Marketing Specialist,Emerson,"Chanhassen, MN"
"Staff Nurse, Correctional Health Services **Night Tour** (8pm-8:30am, MWF), GRVC",NYC Health + Hospitals,"Queens, NY"
Client Navigator - Level I,NYC Health + Hospitals,"Bronx, NY"
IBM CMOD - Content Manager OnDemand ,VHL Technologies Inc,"Johnston, RI"
Forklift Operator I,FedEx Logistics,"Lemoyne, PA"
Human Resources Business Partner,Holcim,"New Grand Chain, IL"
Visitation Screener 5am-1pm Sat and Sun,Vanderbilt University Medical Center,Nashville Metropolitan Area
Facilities Engineer II (Day Shift; Four 10 Hr Days),Panasonic North America,"Sparks, NV"
Senior Investment Associate - Growth Equity or Private Credit,Michael Page,"San Francisco County, CA"
Certified Nursing Assistant (CNA),Ciena Healthcare,"Temperance, MI"
Certified Nursing Assistant (CNA),Ciena Healthcare,"Battle Creek, MI"
Activities Assistant,Ciena Healthcare,"Escanaba, MI"
Foreman Pipefitter I,Zachry Group,"Port Sulphur, LA"
Intern,SelekIT,New York City Metropolitan Area
User Experience Designer IV,Aditi Consulting,"Seattle, WA"
Project/Program Manager IT 2,Aditi Consulting,"Morton, IL"
Seasonal Tax Preparer,Hemphill - Search • Consulting • Staffing,Omaha Metropolitan Area
Assistant Coordinating Manager,NYC Health + Hospitals,"Queens, NY"
Technical Project Manager,SECUNETICS,Washington DC-Baltimore Area
PHP Developer,WWT Tech,"New York, NY"
Chief Operating Officer,Confidential Executive Jobs,"Milwaukee, WI"
Director of Project Management - Pharma Advertising,Meet,United States
Network Engineer/Cisco or Juniper Experience,SECUNETICS,Washington DC-Baltimore Area
Customer Support Representative,Russell Tobin,"Columbus, OH"
Burger King Restaurant General Manager,GPS Hospitality,"Norcross, GA"
Auto Glass Installation Technician Trainee,Safelite,"Williamsburg, VA"
Seasonal Auto Glass Repair Specialist,Safelite,"Crest Hill, IL"
Seasonal Auto Glass Repair Service Specialist,Safelite,"Mundelein, IL"
Nursing Assistant,McLaren Health Care,"Flint, MI"
Production Administrative Assistant,Groundworks,"Nottingham, MD"
"Senior Product Manager, GCP",Cloudera,"Texas, United States"
Installer,Groundworks,"Ashland, VA"
Inventory Support Administrator,Groundworks,"Virginia Beach, VA"
Superintendent,Genuine Search Group,United States
Technical Sales Representative,Emerson,"Cleveland, OH"
Staff Nurse - NICU,NYC Health + Hospitals,"Queens, NY"
"Clinical Technical Analyst, Sr. (Senior Consultant MIS- Lvl B), Clinical Information Systems",NYC Health + Hospitals,"Manhattan, NY"
Warehouse Worker-Parcel Manifest Specialist,FedEx Logistics,"Charleston, SC"
"Operator, Batcher 1",Holcim,"Metairie, LA"
"General Manager, Life Sciences Corporate Alliances, Brock Center",Vanderbilt University Medical Center,Nashville Metropolitan Area
(Remote) QA Manager,Harris Computer,"Georgia, United States"
Marketing Coordinator,Wolf Line Construction,"North Charleston, SC"
Business Office Manager,Ciena Healthcare,"Charlottesville, VA"
Licensed Practical Nurse (LPN),Ciena Healthcare,"Escanaba, MI"
Activities Assistant,Ciena Healthcare,"Flint, MI"
Software Dev Engineer III,Aditi Consulting,"Redmond, WA"
Accountant,Bear Real Estate Group,"Kenosha, WI"
Field Service Tech II Minnesota,Light & Wonder,"Minnesota, United States"
FIELD SERVICE TECH II,Light & Wonder,"Missouri, United States"
Controller,Roquette,"Keokuk, IA"
Information Technology Financial Analyst,Computech Corporation,"Chicago, IL"
Staff Accountant,"Chisholm Consulting, LLC",Washington DC-Baltimore Area
Construction Superintendent,"Florida Construction Connection, Inc. ","Broward County, FL"
Senior Accountant,Lightsource bp,"Denver, CO"
Senior Tax Associate,Hemphill - Search • Consulting • Staffing,Omaha Metropolitan Area
Community Relationship Officer,"QCR Holdings, Inc.","Davenport, IA"
Auto Glass Technician Trainee,Safelite,"Weslaco, TX"
Auto Glass Installation Technician Trainee,Safelite,"Riverside, CA"
Senior Tech,Safelite,"Charleston, SC"
Seasonal Auto Glass Repair Specialist,Safelite,"Longmont, CO"
Auto Glass Installation Technician Trainee,Safelite,"Santa Rosa, CA"
Operations Associate Level 1 (Regulatory Operations),StoneX Group Inc.,"Birmingham, AL"
Corporate Sales Receptionist,Woodside Communities,"Aiken, SC"
Co-Foreman,Groundworks,"Denver, CO"
Paralegal OR Legal Secretary,Brewer Morris,"San Antonio, Texas Metropolitan Area"
Peer Counselor - Lvl II (3 Positions Available),NYC Health + Hospitals,"Bronx, NY"
Business Analyst II - Operations,FedEx Logistics,"Coppell, TX"
Adminstrative Assistant,Gallman Consulting,"Columbia, South Carolina Metropolitan Area"
Diagnostic Sonographer,Vanderbilt University Medical Center,"Smyrna, TN"
Patient Transport,Vanderbilt University Medical Center,Nashville Metropolitan Area
Production Supervisor (Days C Shift- Formation/Visual Inspection),Panasonic North America,"Sparks, NV"
Human Resources Payroll,Hemphill - Search • Consulting • Staffing,Omaha Metropolitan Area
Microsoft PreSales Specialist (US Southeast Commercial),Softchoice,"Tennessee, United States"
Director- Network Engineering,Georgia Institute of Technology,"Atlanta, GA"
Quality Control Supervisor,Honeywell,"Urbana, OH"
Senior Project Engineer - Module Design and Fabrication,Honeywell,"Tulsa, OK"
Licensed Practical Nurse (LPN),Ciena Healthcare,"Goshen, IN"
Laundry Aide,Ciena Healthcare,"Detroit, MI"
Registered Nurse (RN),Ciena Healthcare,"West Bloomfield Township, MI"
Licensed Practical Nurse (LPN),Ciena Healthcare,"Bad Axe, MI"
Instrument Fitter I,Zachry Group,"Port Sulphur, LA"
Registered Nurse (RN),Ciena Healthcare,"Athens, OH"
Design Engineer,Infosys,"Appleton, WI"
Accounts Receivable Coordinator Assistant,Ciena Healthcare,"Battle Creek, MI"
Business Development Rep - Digital Media - Chicago,"Direct Sales Recruiting, LLC",Greater Chicago Area
Sap Demand to supply,Empower Professionals Inc,"Houston, TX"
sales and operation assistant,De Nigris USA / Food Specialties Trading,"Totowa, NJ"
IT Planning Analyst,Salt,"Oakland, CA"
Drone Operator In Command,Collabera,"Washington, DC"
Program Manager Non Tech 1,Aditi Consulting,"Redmond, WA"
Finance Directore,Aditi Consulting,"San Francisco, CA"
Business Development Consultant 3,Aditi Consulting,"Peoria, IL"
ServiceMax/Salesforce Business Analyst,Light & Wonder,"Nevada, United States"
Accounts Payable Associate,Innova Solutions,"San Francisco County, CA"
Director Human Resources Labor Relations,SilverSpace Technologies Inc,"Greeley, CO"
Mid level Appian Developer,"Precise Software Solutions, Inc.","Rockville, MD"
"Senior Partner Specialist, Xerox",Insight,"Chandler, AZ"
Senior Vice President Operations,GDI Integrated Facility Services,"Greenville, SC"
Production Manager,DSJ Global,"Mississippi, United States"
Senior Software Engineer - Full Stack,,Washington DC-Baltimore Area
Auto Glass Installation Technician Trainee,Safelite,"Sequim, WA"
Capacity Planner,Safelite,"Aurora, Colorado, United States"
Auto Glass Installation Technician Trainee,Safelite,"Concord, CA"
Seasonal Auto Glass Repair Service Specialist II,Safelite,"Appleton, WI"
Financial Advisor,"QCR Holdings, Inc.","Cedar Rapids, IA"
Psychiatric Social Health Technician,NYC Health + Hospitals,"Manhattan, NY"
Peer Counselor - Lvl II,NYC Health + Hospitals,"Bronx, NY"
Clerical Associate - Level III,NYC Health + Hospitals,"Bronx, NY"
Terminal Operator - Valley City,Holcim,"Valley City, ND"
Patient Care Attendant PRN,Vanderbilt University Medical Center,"Tullahoma, TN"
Central Sterile Process Tech Training - Nashville State CC/VUMC,Vanderbilt University Medical Center,Nashville Metropolitan Area
WIOA Youth Coordinator (DWS #9331),New Mexico Dept. of Workforce Solutions,"Albuquerque, NM"
"Director, Engineering",Panasonic Avionics Corporation,"Irvine, CA"
Production Supervisor (Electrode: Nights D Shift),Panasonic North America,"Sparks, NV"
Sr. Maintenance Manager (Days: Monday-Friday),Panasonic North America,"Sparks, NV"
Production Operator - Molding (Days),West Pharmaceutical Services,"Walker, MI"
Procurement Manager,ANDRITZ Feed and Biofuel,"Charlotte, NC"
Systems Administrator,Northside Hospital,"Gainesville, GA"
Accounts Support Specialist,Northside Hospital,"Lawrenceville, GA"
Scheduler and Medical Assistant,Northside Hospital,"Decatur, GA"
Principal Substation Engineer,Airswift,"Jacksonville, FL"
Senior Project Scheduler,The Walsh Group - Walsh Construction & Archer Western,"Evangeline Parish County, LA"
Research Engineer,Honeywell,"Golden Valley, MN"
Compliance Specialist III,Aditi Consulting,"Menlo Park, CA"
Marketing Intern,Bear Real Estate Group,"Kenosha, WI"
Project Manager Tech 2,Aditi Consulting,"Redmond, WA"
Laboratory Technician L6,Aditi Consulting,"Plainfield, IL"
Marketing Associate,Aditi Consulting,"Chicago, IL"
Clinical Coordinator - Surgery Center - Day,WellSpan Health,"Lebanon, PA"
Construction Project Manager – Luxury Residential ,"Florida Construction Connection, Inc. ","West Palm Beach, FL"
Sales Manager - Public Relations & Investor Relations - NYC,"Direct Sales Recruiting, LLC",New York City Metropolitan Area
Product Design Engineer,Kennametal,"Latrobe, PA"
Civil Engineering Project Manager,"Haley Ward, Inc.","Portsmouth, NH"
Universal Banker II | Swansea,Busey,"Swansea, IL"
Licensed Practical Nurse,Pride Health,"Charlotte, NC"
Test Engineering Technician,Leonardo DRS,"Huntsville, AL"
HR Coordinator,Innova Solutions,"Clayton, NC"
Network Engineer,,Washington DC-Baltimore Area
Auto Glass Installation Technician Trainee,Safelite,"Olympia, WA"
Auto Glass Technician Trainee,Safelite,"Jackson, WY"
Auto Glass Installation Technician Trainee,Safelite,"Greeley, CO"
Auto Glass Installation Technician Trainee,Safelite,"Palm Springs, CA"
Seasonal Auto Glass Repair Service Specialist,Safelite,"Omaha, NE"
Auto Glass Installation Master Technician,Safelite,"Willingboro, NJ"
Seasonal Auto Glass Repair Service Specialist,Safelite,"Morton Grove, IL"
Outside Sales Representative,Groundworks,"Knoxville, TN"
Distribution Worker,Emerson,"Houston, TX"
Product Service Center Technician,Emerson,"Knoxville, TN"
"Sales, Inventory, Operations & Planning (SIOP) Manager",Emerson,"Aiken, SC"
Assembler 2nd Shift,Emerson,"Ash Flat, AR"
Staff Nurse - NICU,NYC Health + Hospitals,"Queens, NY"
Staff Nurse - NICU,NYC Health + Hospitals,"Queens, NY"
Senior Tax Manager,"Capital Staffing Solutions, Inc.","Houston, TX"
"Financial Advisor - Montgomery, AL",Corebridge Financial,"Montgomery, AL"
Sr Financial Analyst,Holcim,"Greenbelt, MD"
Electrician - Plant Operator,Holcim,"Clinton, MD"
Specialist OSD Traffic,Hibbett,"Alabaster, AL"
Rewind Assistant,ProAmpac,"Neenah, WI"
Admissions Advisor,ACI Learning,"Dallas–Fort Worth metroplex, TX"
Software Training Specialist ,Fullsteam,"Monroeville, PA"
Front Office Assistant - Practice,Northside Hospital,"Lawrenceville, GA"
Accounts Support Specialist - Lanier Family Practice - Forsyth,Northside Hospital,"Cumming, GA"
Registered Nurse,Northside Hospital,"Braselton, GA"
Lab Tech Assistant,Northside Hospital,"Lawrenceville, GA"
Lab Tech Assistant - PRN,Northside Hospital,"Duluth, GA"
Ultrasound Tech - North Georgia OB/GYN Specialists - Cherokee,Northside Hospital,"Woodstock, GA"
Accounts Payable Specialist,JEGS Performance,"Delaware County, OH"
Software Quality Engineer,State Street,"Quincy, MA"
"Core Operations, Associate 2",State Street,"Boston, MA"
Administrative Professional Sr (Onsite),Georgia Institute of Technology,"Cobb County, GA"
Desktop and Mobility Support,Tata Consultancy Services,"Newark, DE"
Grants Program Manager,"Chisholm Consulting, LLC",Washington DC-Baltimore Area
Junior Online Sales Specialist,De Nigris USA / Food Specialties Trading,"Totowa, NJ"
Phlebotomist,Pride Health,"Bedford, NH"
"Assistant Project Manager- Geologist, Environmental Scientist/Engineer","TRC Companies, Inc.","Austin, TX"
MSL (Northern California) ,Meet,"California, United States"
Electrical Engineer III,Aditi Consulting,"Seattle, WA"
Laboratory Technician L6,Aditi Consulting,"Plainfield, IL"
Registered Nurse - Med/Surg N3A - Day/Night,WellSpan Health,"York, PA"
"Patient Services Assistant I (Part-time, 40hrs/biweekly)",WellSpan Health,"Waynesboro, PA"
Cloud Engineer,Computech Corporation,"San Francisco, CA"
"Director of Implementation, Collaborative Care Program",Mindoula,United States
Supply Chain Specialist,Jacques Marie Mage,"Los Angeles, CA"
Implementation Services Manager,National Advisors Trust Company,"Kansas City, MO"
Property Manager,Bear Real Estate Group,"Kenosha, WI"
Construction Project Manager,Bear Real Estate Group,"Kenosha, WI"
Dealer Relationship Manager,JCW,San Francisco Bay Area
Entry Level Drafter - Mechanical,Halliburton,"Duncan, OK"
Corporate and Investor Access Vice President,Nomura,"New York, NY"
Project Manager Scrum Master,SSi People,United States
Licensed Practical Nurse,"NaphCare, Inc.","Winston-Salem, NC"
Auto Glass Installation Technician,Safelite,"Willingboro, NJ"
Auto Glass Installation Technician Trainee,Safelite,"Longmont, CO"
RN Coordinator Patient Care Services - ED EMS,McLaren Health Care,"Mount Clemens, MI"
Bilingual Service Scheduler,Groundworks,"Irving, TX"
Assembler 2nd Shift,Emerson,"Ash Flat, AR"
Business Administrative Specialist,Emerson,"Englewood, CO"
Hospital Care Investigator (Provisional Appointment),NYC Health + Hospitals,"Queens, NY"
Float Pool Nurse,NYC Health + Hospitals,"New York, New York, United States"
Float Pool Nurse,NYC Health + Hospitals,"Manhattan, NY"
Renewables Structural Project Engineer,Westwood Professional Services,"Minneapolis, MN"
Material Handler,Holcim,"Colorado Springs, CO"
Visitation Screener 5a-1p M-F,Vanderbilt University Medical Center,Nashville Metropolitan Area
Associate Clinical Supply Spec,Vanderbilt University Medical Center,Nashville Metropolitan Area
Construction Project Manager,FireSeeds,"Birmingham, AL"
Inpatient Radiology Resource Nurse PRN ROCU,Vanderbilt University Medical Center,Nashville Metropolitan Area
Lead Java Backend Developer,Bravens Inc.,"Reston, VA"
Accounts Receivable Specialist - Law Firm,WhiteCap Search,"Woodbury, NY"
Customer Service and Order Entry Representative,Sennheiser,"Old Lyme, CT"
Production Operator - Molding (Days),West Pharmaceutical Services,"Walker, MI"
Client Success Operations Associate,"DailyPay, Inc.","New York, NY"
Lab Tech Assistant,Northside Hospital,"Lawrenceville, GA"
Medical Assistant - Medical Associates of North Georgia Rheumatology - Cherokee,Northside Hospital,"Canton, GA"
Staff RN,Northside Hospital,"Atlanta, GA"
Clinical Lab Supervisor - Generalist,Northside Hospital,"Duluth, GA"
Histology Technologist,Northside Hospital,"Lawrenceville, GA"
Software Development Engineer - ReactJS,State Street,"Quincy, MA"
Marketing Manager (Digital),Georgia Institute of Technology,"Atlanta, GA"
Research Engineer II - Micro and Nano Engineering,Georgia Institute of Technology,"Atlanta, GA"
Principal Account Manager,Honeywell,"Atlanta, GA"
Solution Consultant,Seismic,United States
"NP/PA, Surgical (Orthopedics)",Cook Children's Health Care System,"Fort Worth, TX"
Service Virtualization Engineer,Tata Consultancy Services,"Waltham, MA"
Field Service Engineer I- Conveyor Systems-Remote,Honeywell,"Missouri, United States"
Engineering Manager,Honeywell,"Olathe, KS"
Operator - Misc. Machines - 3rd Shift,Honeywell,"Minneapolis, MN"
Shipping Clerk,"Unimacts Global, LLC","Conroe, TX"
Track Supervisor,CSX,"Cincinnati, OH"
Cloud Security - Engineering - Associate (Work Remote Option),Fannie Mae,"Reston, VA"
Division Sales Manager,Mission Foods,"Norwalk, CA"
Principal Data Scientist,Zocdoc,"New York, NY"
Business Development Lead - eCOA,Mason,"Seattle, WA"
Principal/Senior Principal Associate Scientist,"Dragonfly Therapeutics, Inc.",Greater Boston
Procurement Buyer II,Honeywell,"Phoenix, AZ"
Director Western Region,Rails to Trails Conservancy,"Oakland, CA"
"Manager, Customer Engineering",LILT,"Indianapolis, IN"
Auto Glass Technician Trainee,Safelite,"Silverdale, WA"
Seasonal Auto Glass Repair Specialist l,Safelite,"Corpus Christi, TX"
Seasonal Auto Glass Repair Specialist,Safelite,"Boulder, CO"
Seasonal Auto Glass Repair Specialist 1,Safelite,"Austin, TX"
Auto Glass Installation Technician Trainee,Safelite,"San Francisco, CA"
Senior Reliability Engineer II - Solar Solutions,Saint-Gobain Research North America,"Northborough, MA"
Peer Counselor - Lvl II,NYC Health + Hospitals,"Bronx, NY"
Patient Care Technician,NYC Health + Hospitals,"New York, New York, United States"
"Company A Driver, Low Boy",Holcim,"Henderson, CO"
Telecommunications Analyst 2,"Edgewater Federal Solutions, Inc.","Los Alamos, NM"
Associate Technical Writer (Day Shift),Panasonic North America,"Sparks, NV"
Paralegal,Oliva Gibbs LLP,"Houston, TX"
Airport Deputy General Manager - Chief Commercial Officer,City of Atlanta,"Atlanta, GA"
ED RN Clinical Supervisor (Emergency Services) - 1p - 1a,Northside Hospital,"Lawrenceville, GA"
Supervisor Call Center,Northside Hospital,"Atlanta, GA"
Front Office Assistant - Practice,Northside Hospital,"Lawrenceville, GA"
Alternative Fund Accounting Associate 2,State Street,"Quincy, MA"
Dishwasher,Topgolf,"West Chester, OH"
"Documentation Tracker, HH",Cook Children's Health Care System,"Fort Worth, TX"
Copperleaf Solution Architect,Tata Consultancy Services,"Oakland, CA"
Dishwasher,Topgolf,"Columbus, OH"
Snowflake Engineer,Tata Consultancy Services,"Allentown, NY"
"Financial Advisor - Escondido, CA - Market 28, Region 252",Edward Jones,"Escondido, CA"
CFO - Commercial,Honeywell,"Atlanta, GA"
Team Leader- Data Strategy,Edward Jones,"Tempe, AZ"
"Production Supervisor- Lynchburg, VA",U.S. Pipe,"Lynchburg, VA"
Strategy Advisor/Consultant - Enterprise Strategy (Hybrid),Fannie Mae,"Washington, DC"
Forklift Operator,"Unimacts Global, LLC","Conroe, TX"
Radiology Technologist - Hospital,National Staffing Solutions,"Augusta, GA"
Front Desk Associate: SoHo (Part-Time),Tia,"Manhattan, NY"
Health and Safety Trainer,"J.D. Irving, Limited","Cobleskill, NY"
"Sourcing and Procurement Specialist, Advisor",Zebra Technologies,"Holtsville, NY"
Auto Glass Installation Repair Specialist 1,Safelite,"Killeen, TX"
Auto Glass Installation Technician Trainee,Safelite,"Union City, CA"
Auto Glass Installation Technician Trainee,Safelite,"Olympia, WA"
Auto Glass Installation Technician Trainee,Safelite,"Boulder, CO"
Sr. Context Planner,UnitedMasters,"Brooklyn, NY"
"Senior Product Manager, Azure",Cloudera,"California, United States"
"Senior Manager, Expert Technology",Asurion,"Nashville, TN"
Bank Support Analyst I,CSI,"Waco, TX"
Staff Nurse - Behavioral Health Services,NYC Health + Hospitals,"Queens, NY"
Social Worker - Lvl II,NYC Health + Hospitals,"Manhattan, NY"
Project Manager Level I,NYC Health + Hospitals,"Bronx, NY"
Assistant Coordinating Manager - Radiology Diagnostic,NYC Health + Hospitals,"Brooklyn, NY"
"Sr. Manager, Land and Environment",Holcim,"Chicago, IL"
Plant Manager - Flexible Location,Holcim Building Envelope,"Nashville, TN"
Loader Operator,Holcim,"Convent, LA"
Sr IT Project Manager,Vanderbilt University Medical Center,Nashville Metropolitan Area
Oil and Gas Attorney- Appalachia Partner,Oliva Gibbs LLP,"Columbus, OH"
Supply Chain Analyst - Consumer Goods,WhiteCap Search,"Queens, NY"
Community Inclusion Specialist,Elwyn,"Media, PA"
ED Nurse Clinician,Northside Hospital,"Lawrenceville, GA"
Unit Secretary - Labor & Delivery,Northside Hospital,"Cumming, GA"
Registered Nurse,Northside Hospital,"Decatur, GA"
Middle Office Associate 2,State Street,"Boston, MA"
"SVP, Chief Compliance Officer, SSGA",State Street Global Advisors,"Boston, MA"
Senior HSE Manager,The Walsh Group - Walsh Construction & Archer Western,"Evangeline Parish County, LA"
Director of Supply Chain Customer Operations,Honeywell,"Rocky Mount, NC"
"Engineering Manager, Credit Cards (Platform)",Robinhood,"Menlo Park, CA"
Developer,Tata Consultancy Services,"Cary, NC"
Cardiac Sonographer,Prolink,"Cincinnati, OH"
Maintenance Supervisor,Brembo,"Homer, MI"
"Director Regional Health, Safety, Environmental",Honeywell,"Charlotte, NC"
"Financial Advisor - Houston, TX - Market 24, Region 212",Edward Jones,"Houston, TX"
Research Associate II,WuXi AppTec,"San Diego, CA"
Radiology Technologist - Hospital,National Staffing Solutions,"Des Moines, IA"
Sr Field Service Technician,Honeywell,"Dallas, TX"
Director International Health Safety Environmental,Honeywell,"Baton Rouge, LA"
Team Lead,Topgolf,"Charlotte, NC"
Nutrition Assistant,Trinity Health Of New England,"Springfield, MA"
Senior Software Engineer - Angular,Western Union,"Denver, CO"
Inside Sales Representative,Tiff's Treats Cookie Delivery,"Austin, TX"
Assembler,Winchester Interconnect,"Garden Grove, CA"
Director of Accounting,TriSource,"Gaithersburg, MD"
Front Desk-Part Time,Agemark Senior Living,"Thousand Oaks, CA"
ED Nurse Clinician (Emergency Services),Northside Hospital,"Duluth, GA"
ED RN Clinical Supervisor (Emergency Services) - 1p - 1a,Northside Hospital,"Duluth, GA"
Medical Assistant - Practice,Northside Hospital,"Loganville, GA"
Dishwasher,Topgolf,"West Chester, OH"
Primavera Unifier Consultant,Tata Consultancy Services,"Jacksonville, FL"
Oracle HCM Cloud Architect,Tata Consultancy Services,"Jacksonville, FL"
"SAP ISU ABAP, CDS view, AMDP, C4C",Tata Consultancy Services,"New York, NY"
Internal Communications Consultant,Management Sciences for Health,"Medford, MA"
Production Lead,"Unimacts Global, LLC","Conroe, TX"
Gas SCADA Operations Engineer (Hybrid),"TRC Companies, Inc.","Tulsa, OK"
Golf Services Associate,Topgolf,"Orlando, FL"
"Senior Product Manager, Roku Ad Exchange",Roku,"New York, NY"
"District Sales Manager - East Atlanta, GA",Mission Foods,"Decatur, GA"
OneStream Consultant,Ztek Consulting,United States
Sr Field Service Technician,Honeywell,"Locust Grove, GA"
PowerScale Administrator,Akkodis,"Columbus, Ohio Metropolitan Area"
Cafeteria Aide,Trinity Health Of New England,"Waterbury, CT"
"Oncology MSL, Multiple Territories ",Meet,United States
Graphic Designer,Ztek Consulting,"San Francisco, CA"
Account Manager,Symmetrio,United States
Nurse Clinical/UKHC,UK HealthCare,"Lexington, KY"
Nurse Clinical/UKHC,UK HealthCare,"Lexington, KY"
Radiology Tech CT Procedures/UKHC,UK HealthCare,"Lexington, KY"
Cook,Topgolf,"Tucson, AZ"
Accountant,University System of NH,"Concord, NH"
Controller,Grade Tech Power Services,"Salt Lake City, UT"
Sr. Components Engineer - R&D,West Pharmaceutical Services,"Exton, PA"
Medical Assistant - Practice,Northside Hospital,"Gainesville, GA"
Lab Tech Assistant,Northside Hospital,"Lawrenceville, GA"
Lab Tech Assistant - Lead,Northside Hospital,"Atlanta, GA"
Software Development Engineer,State Street,"Boston, MA"
Contract Product Manager,Stanley 1913,"Seattle, WA"
Customer Quality Engineer (1st Shift),Ultra Clean Technology,"Austin, TX"
"Director Finance, FP&A",Honeywell,"Houston, TX"
Tibco BW Developer,Tata Consultancy Services,"Raymond, WA"
Production Support Executive,Tata Consultancy Services,"Cary, NC"
Team Leader- Data Strategy,Edward Jones,United States
"Manager, Financial Crime Compliance",Commonwealth Bank,"New York, United States"
Sr Pricing Analyst,Honeywell,"Tempe, AZ"
Electrician,U.S. Pipe,"Lynchburg, VA"
Certified Surgical Technologist - ENDO,National Staffing Solutions,"Geneva, NY"
Food Runner,Topgolf,"Orlando, FL"
Dishwasher,Topgolf,"West Chester, OH"
Picker/ Loader ,Saputo Inc.,"Decatur, AL"
Host,Trinity Health Of New England,"Waterbury, CT"
Associate,Eastdil Secured,"Miami, FL"
APP Surgical First Assist/UKHC,UK HealthCare,"Lexington, KY"
Extension Custodian - Boone County,University of Kentucky,"Burlington, KY"
"Partner (& Groups w/ Portable Business for Top BIGLAW Firm - Corporate, Litigation, Intellectual Property , Real Estate, Labor & Employment, Government Contracts, Healthcare, Trusts and Estates / Tax)","Platinum Legal Search Group, LLC","Pennsylvania, United States"
Receptionist,CenterSquare Investment Management,"Conshohocken, PA"
Medical Assistant I - Float,GI Alliance,"San Marcos, TX"
Senior Project Manager - Fort Johnson,Masis Professional Group,"Fort Johnson, LA"
Financial Advisor,Edward Jones,"McKinney, TX"
Treasury Compliance Officer,Federal Home Loan Bank of Cincinnati,"Cincinnati, OH"
HP Call Center Rep I,Cook Children's Health Care System,"Fort Worth, TX"
Branch Office Administrator,Edward Jones,"Richmond, VA"
Azure Infra Architect,Tata Consultancy Services,"Atlanta, GA"
Logistics Clerk,"RXO, Inc.","Burton, MI"
Experienced Fuel Rod Design Engineer,Framatome,"Richland, WA"
Bartender,Topgolf,"King of Prussia, PA"
Product System Engineer,Avo Photonics,"Horsham, PA"
Clerical - Stevedore,CSX,"Selkirk, NY"
Electrician A,U.S. Pipe,"Bessemer, AL"
Engineering Manager,U.S. Pipe,"Lynchburg, VA"
Certified Surgical Technologist,National Staffing Solutions,"Napa, CA"
Sr Field Service Technician,Honeywell,"Locust Grove, GA"
Staff Accountant ,Dedrone,United States
Sr. Real Estate Manager,Topgolf,"Dallas, TX"
Senior Field Application Scientist ,Telesis Bio,"Boston, MA"
Nurse Clinical/UKHC,UK HealthCare,"Lexington, KY"
Nursing Care Technician/UKHC,UK HealthCare,"Lexington, KY"
Nursing Care Technician/UKHC,UK HealthCare,"Lexington, KY"
"Assistant Professor of Practice, Exercise & Sport Physiology",Plymouth State University,"Plymouth, NH"
Car Wash Site Manager - Shop#310 - 672 S. W. Temple,Driven Brands Inc.,"Salt Lake City, UT"
Continuous Improvement Coordinator,SIG Group,"Northlake, IL"
Technology Architect - Wireless Communications,In-Q-Tel (IQT),"McLean, VA"
ECG Tech I,WVU Hospitals — Ruby Memorial Hospital,"Morgantown, WV"
Collections Specialist,Rang Technologies Inc,"Fort Myers, FL"
AS400 Developer,Tata Consultancy Services,"Fort Mill, SC"
Windows Architect,Tata Consultancy Services,"Chicago, IL"
Developer,Tata Consultancy Services,"New York, NY"
NDE Technician,Framatome,"Lynchburg, VA"
Team Leader- Data Strategy,Edward Jones,"St Louis, MO"
Night Shift Production Manager,Mission Foods,"Rancho Cucamonga, CA"
"District Sales Manager - Houston, TX",Mission Foods,"Houston, TX"
Certified Pharmacy Technician,National Staffing Solutions,"Greenbrae, CA"
Certified Surgical Technologist,National Staffing Solutions,"Flint, MI"
Radiology Technologist - Hospital,National Staffing Solutions,"Columbia, SC"
ServiceNow Platform Administrator,Inserso Corporation,Washington DC-Baltimore Area
Community Development & Events Supervisor - Parks after Dark #41805,City of Virginia Beach,"Virginia Beach, VA"
Hardware Test Engineer,Hanna Instruments,"Woonsocket, RI"
Child Life Specialist/UKHC,UK HealthCare,"Lexington, KY"
Radiology Tech Assistant,WVU Hospitals — Ruby Memorial Hospital,"Morgantown, WV"
Project Manager,Advanced Technology Services (ATS),"Greenville-Spartanburg-Anderson, South Carolina Area"
"Partner (& Groups w/ Portable Business for Top BIGLAW Firm - Corporate, Litigation, Intellectual Property , Real Estate, Labor & Employment, Government Contracts, Healthcare, Trusts and Estates / Tax)","Platinum Legal Search Group, LLC",San Francisco Bay Area
Business Operations Analyst - Intern,Siteimprove,"Bellevue, WA"
Home Health Nurse,Masis Professional Group,"Dutchess County, NY"
"Workday Recruiting, Talent, and Learning Consultant - Federal",Guidehouse,"McLean, VA"
Senior Consultant | Provider Strategy & Innovation - Provider Enterprise Solutions,Guidehouse,"Chicago, IL"
AML Investigator Analyst Level II,Guidehouse,"District of Columbia, United States"
Market Manager | Scrap Metals,CSX,"Jacksonville, FL"
Software Engineering Advisor (Python/Java/AWS),Fannie Mae,"Reston, VA"
Discovery Attorney,Bowman and Brooke,"Phoenix, AZ"
Chief Marketing Officer,Girl Scouts of the USA,"New York, NY"
Assistant Controller,HackerOne,NAMER
Certified Surgical Technologist - ENDO,National Staffing Solutions,"Concord, MA"
Radiology Technologist - Hospital,National Staffing Solutions,"Alabama, United States"
Lead Field Service Technician,Honeywell,"Richardson, TX"
Care Guide Support Supervisor,apree health,"Sandy, UT"
Workplace Manager - San Antonio IN OFFICE,Worldwide Clinical Trials,"San Antonio, TX"
Snowflake Developer,"VMC Soft Technologies, Inc","Austin, TX"
maintenance,Topgolf,"Fort Worth, TX"
Registered Nurse,"Gramercy Surgery Center, Inc.","New York, NY"
APP Pediatric BMI/UKHC,UK HealthCare,"Lexington, KY"
Physical Therapist/Shift-Based/UKHC,UK HealthCare,"Lexington, KY"
Emergency Medical Dispatcher/UKHC,UK HealthCare,"Lexington, KY"
Car Wash Site Manager - Shop#31 - 1603 Hartje Lane,Driven Brands Inc.,"Conway, AR"
Packaging Associate (Part Time),SIG Group,"Chilhowie, VA"
"Director, Drug Safety",Tris Pharma,"Monmouth Junction, NJ"
RN I,WVU Hospitals — Ruby Memorial Hospital,"Morgantown, WV"
I.T. Applications Manager (JD Edwards),Search Services,"Houston, TX"
 HRIS Analyst / HR Analyst,Sharp Decisions,"Tampa, FL"
Data Governance - Senior Consultant,Guidehouse,"McLean, VA"
Assistant Buyer,Starboard Cruise Services,"Miami, FL"
F&B Cashier - Knuckle Sandwiches - Starting at $22.59 per hour,del Lago Resort & Casino,"Waterloo, NY"
Senior Software Engineer - Wordpress,Western Union,"Denver, CO"
Registered Nurse (RN) Intensive Care Nights,Trinity Health Of New England,"Stafford Springs, CT"
Epic Beaker Application Analyst,Ambe Healthcare Staffing,United States
Porter,Topgolf,"The Colony, TX"
"Program Director, Cornerstone Program (Boulevard)",CAMBA,"Brooklyn, NY"
District Manager - Cleveland Region,Driven Brands Inc.,"Columbus, OH"
Powerpoint/Presentation Specialist,LTIMindtree,"Jersey City, NJ"
"District Manager - Baltimore, MD","H&E Equipment Services, Inc.","Baltimore, MD"
Caterer I,Wheeling Hospital,"Wheeling, WV"
SoliMarket Account Manager,NationsBenefits,"Plantation, FL"
Director of Accounting,Santa Energy Corporation,"Bridgeport, CT"
"Division Chief, Classification & Compensation (Administrator VI)",Maryland State Highway Administration,"Baltimore, MD"
Junior Technology Program Analyst,Guidehouse,"Springfield, VA"
Practice Assistant Sign-on Bonus Eligible,Beth Israel Lahey Health,"Haverhill, MA"
Patient Placement Coordinator,Beth Israel Lahey Health,"Boston, MA"
Laboratory Assistant - Core Lab,Beth Israel Lahey Health,"Cambridge, MA"
"Nurse Residency, Inpatient Psychiatry/36h/Rotating",Beth Israel Lahey Health,"Boston, MA"
Patient Care Technician (Medical Surgical Intensive Care),Beth Israel Lahey Health,"Boston, MA"
Surgical ICU Nursing Assistant 36 hr days,Beth Israel Lahey Health,"Burlington, MA"
Student (Co-op Program),Beth Israel Lahey Health,"Boston, MA"
Summer Temporary - Certified Nursing Assistant (CNA) - 3 South (24/E/N),Beth Israel Lahey Health,"Plymouth, MA"
Attorney,"Capital Staffing Solutions, Inc.",United States
Medical Biller,Robert Half,"Bernardsville, NJ"
Nurse Clinical/UKHC,UK HealthCare,"Lexington, KY"
Accountant,University of Kentucky,"Lexington, KY"
Lead Maintenance Technician,"Samuel, Son & Co.","Toledo, OH"
Business Development Manager,Telesis Bio,San Francisco Bay Area
Cook,Topgolf,"Tucson, AZ"
Director of Administrative Operations.,Dartmouth College,"Hanover, NH"
Interventional Radiology RN,WVU Hospitals — Ruby Memorial Hospital,"Morgantown, WV"
WVU-Certified Registrar-Trauma-Remote -85698,WVU Hospitals — Ruby Memorial Hospital,"Morgantown, WV"
Americas: Marketing & Communications Internship Summer 2024,Trellix,United States
Sr Compliance Engineer,Trellix,United States
Senior Dotnet Developer,SSi People,"Bothell, WA"
Patient Access Team Lead,Guidehouse,"District of Columbia, United States"
Financial Analyst,Guidehouse,"Arlington, VA"
Design Director,Salt,"New Jersey, United States"
Assistant Controller,Atlas Search,"New York, NY"
Data Entry Pharmacy Technician Mail Order,Beth Israel Lahey Health,"Westwood, MA"
Service Ambassador,Beth Israel Lahey Health,"Boston, MA"
Histotechnologist IHC lab (FT Nights Tuesday - Saturday),Beth Israel Lahey Health,"Boston, MA"
"32 hpw Registered Nurse, Endoscopy",Beth Israel Lahey Health,"Plymouth, MA"
APP (NP/PA) - Wilmington Primary Care,Beth Israel Lahey Health,"Wilmington, MA"
RN - Birthplace/OB (24/D/E),Beth Israel Lahey Health,"Plymouth, MA"
Medical Assistant/Med Secretary,Beth Israel Lahey Health,"Cambridge, MA"
IPC Trainer Certified (J-STD-001 Soldering Credential) Aerospace Electrical Instructor/Trainer,GP Strategies Corporation,"New Orleans, LA"
"Deal Operations Manager, Q2C",Flock Safety,"Atlanta, GA"
Full Stack Java Developer,"Intello Group, Inc.",United States
Machine Operator II 1,SIG Group,"Chilhowie, VA"
Quality Engineer,SIG Group,"Northlake, IL"
UX/UI Designer,"Verve Industrial, A Rockwell Automation Company","Madison, WI"
Dietary Assistant,Wheeling Hospital,"Wheeling, WV"
Senior Cost Analyst,Guidehouse,"Salt Lake City, UT"
Communications Consultant,Guidehouse,"Washington, DC"
Concept Designer,US Tech Solutions,"Boston, MA"
Cook 40Hrs -$1500 Sign on Bonus Eligible-Food Services,Beth Israel Lahey Health,"Boston, MA"
"Workers Compensation Claims Examiner | West Hills, CA (Hybrid)",Sedgwick,"Los Angeles, California, United States"
Director of Business Development and Marketing,Albert A. Webb Associates (WEBB),"Riverside, CA"
"IoT Hardware Field Test Engineer - Santa Clara, CA",CHEP,"Santa Clara, CA"
"IoT Hardware Field Test Engineer - Modesto, CA ",CHEP,"Modesto, CA"
Patient Service Representative,Beth Israel Lahey Health,"Boston, MA"
Registered Nurse MICU - 36 hrs,Beth Israel Lahey Health,"Boston, MA"
Phlebotomist - Per Diem,Beth Israel Lahey Health,"Boston, MA"
Lead OT and Special Project Coordinator,Beth Israel Lahey Health,"Cambridge, MA"
Medical Assistant,Beth Israel Lahey Health,"Plymouth, MA"
Customer Service Technician- BSW,Brightspeed,"Houston, Texas, United States"
Leave & Disability Examiner,The Standard,United States
"Operating Room Registered Nurse, part time St Mary",Trinity Health Mid-Atlantic,"Langhorne, PA"
Facilities Technician II,University of Wisconsin-Madison School of Pharmacy,"Madison, WI"
"Mental Health Provider, Access Specialist",University Health Services,"Madison, WI"
"Mental Health Provider, Generalist",University Health Services,"Madison, WI"
AI/ML Developer,Hykmann Technologies,"Alpharetta, GA"
Solution Designer,Kerridge Commercial Systems,"Home, KS"
Licensed Practical Nurse - Full-Time All Shifts,"North Shore Healthcare, LLC","Sheboygan, WI"
NC Operator - 3rd Shift,Hunter Engineering Company,"Raymond, MS"
Medical Assistant I,GI Alliance,"Weatherford, TX"
Corporate Accountant - Unique Industry - West Omaha - HEMPHILL EXCLUSIVE!,Hemphill - Search • Consulting • Staffing,"Omaha, NE"
Senior Performance and Project Analyst,LV= General Insurance,"Brentwood, TN"
"Assistant Director, Cornerstone Program (Brooklyn Sites)",CAMBA,"Brooklyn, NY"
Packaging Associate,SIG Group,"Chilhowie, VA"
Strategic Executive Assistant,American Negotiation Institute,"Columbus, Ohio Metropolitan Area"
Environmental Services Technician 1,UF Health Central Florida,"Leesburg, FL"
Clinic LPN,WVU Hospitals — Ruby Memorial Hospital,"Waynesburg, PA"
"Medical Assistant, Primary Care",WVU Medicine Uniontown Hospital ,"Connellsville, PA"
Fairmont SNU Part Time OT,WVU Hospitals — Ruby Memorial Hospital,"Fairmont, WV"
"UX Designer Lead, Managing Consultant",Guidehouse,"Atlanta, GA"
"Associate Director, Proposal Graphics and Design",Guidehouse,"McLean, VA"
Software Solutions Architect,System Soft Technologies,"Lansing, MI"
Entry Level Digital Media Planner ,Catalyte,"Birmingham, MI"
Tax Attorney,Oak Ridge Legal Search,"Washington, DC"
Central Sterile Technician I,Beth Israel Lahey Health,"Winchester, MA"
Environmental Sevices Aide AM,Beth Israel Lahey Health,"Boston, MA"
Change Management Consultant,Akkodis,Dallas-Fort Worth Metroplex
Senior Accountant - HQ of Large Manufacturer Offering Continued Career Growth - HEMPHILL EXCLUSIVE!,Hemphill - Search • Consulting • Staffing,"Hastings, NE"
Product Manager (1909050),Tier4 Group,"Atlanta, GA"
Senior Project Accountant,RPL International,"Miami, FL"
"Partner (& Groups w/ Portable Business for Top BIGLAW Firm - Corporate, Litigation, Intellectual Property , Real Estate, Labor & Employment, Government Contracts, Healthcare, Trusts and Estates / Tax)","Platinum Legal Search Group, LLC","New York, NY"
"Account Executive, Development",Memphis Grizzlies,"Memphis, TN"
Vit Process Cell Operator – SK1 SH3,Kohler Co.,"Kohler, WI"
Automotive Electrical Assembler - 1st Shift ($20.59+/hr),Pierce Manufacturing,"Appleton, WI"
RN I Circulator,WVU Medicine,"Glen Dale, WV"
WVU-Security Officer 3-Fairmont- 30752,WVU Medicine,"Fairmont, WV"
Electrical Hardware Engineer ,GITTC,"Lewis Center, OH"
Nurse Manager Labor & Deliver / Women's Services,WVU Medicine,"Wheeling, WV"
"Inverter/Power Conversion Expert/EV charger Engineer, Solar (and Storage) Technology",DNV,"Medford, MA"
FIS Surveyor Summer Intern,DNV,"Houston, TX"
Program Coordinator,DNV,"Albuquerque, NM"
Medical Physics Assistant,WVU Hospitals — Ruby Memorial Hospital,"Morgantown, WV"
Centralized Scheduler,WVU Hospitals — Ruby Memorial Hospital,"Morgantown, WV"
Office EDI Administrator,Addison Group,"Charlotte, NC"
Transportation Associate Director,Guidehouse,"Arlington, VA"
"Director, Enterprise Project Management Office (PMO)","Coordinated Care Services, Inc. (CCSI)","Rochester, NY"
Digital Marketing Manager,AlphaStaff,"Sunrise, FL"
Per Diem Pharmacy Technician I,Beth Israel Lahey Health,"Boston, MA"
Summer Temporary - Certified Nursing Assistant (CNA) - 3 South (36/D/E),Beth Israel Lahey Health,"Plymouth, MA"
Summer Temporary - Certified Nursing Assistant (CNA) - 3 South (36/E/N),Beth Israel Lahey Health,"Plymouth, MA"
D201 - Eligibility Specialist,River Edge Behavioral Health,"Macon, GA"
Pool ICU Registered Nurse Nights,Trinity Health Mid-Atlantic,"Philadelphia, PA"
"Integrated Mental Health Provider, Disordered Eating Emphasis",University Health Services,"Madison, WI"
Travel & Procurement Coordinator II,University of Central Florida,"Orlando, FL"
"Customer Service Rep, Hi-Tech (Resupply)",PromptCare,"King of Prussia, PA"
Licensed Practical Nurse - Full-Time All Shifts,"North Shore Healthcare, LLC","Wisconsin Dells, WI"
SENIOR PSYCHIATRIC TECHNICIAN,California Department of Developmental Services,"Riverside County, CA"
Medical Record Coordinator - Part-Time 1st Shift,"North Shore Healthcare, LLC","Ashland, WI"
Case Manager - Full-Time Exempt,"North Shore Healthcare, LLC","Racine, WI"
Senior Talent Acquisition Specialist,Verano,"Chicago, IL"
UX Designer - Kohler Ventures,Kohler Ventures,"New York, NY"
Airport Services - General Operator,"Oshkosh AeroTech, LLC","Los Angeles, CA"
Microbiology Medical Technologist,WVU Medicine,"Morgantown, WV"
Mid-Level Architect,EwingCole,"Philadelphia, PA"
"General Surgery Supervisor, RN",WVU Medicine,"Glen Dale, WV"
Senior HVDC System Design Consultant,DNV,"Houston, TX"
Carbon capture utilization and storage - Internship,DNV,"Houston, TX"
"Administrative Project Manager, Medical Devices",DNV,"Houston, TX"
Contract Support Lead,DNV,"Houston, TX"
PT SCHOOL SECURITY MONITOR_BENJAMIN FRANKLINK-8(1204100),Miami-Dade County Public Schools,"Miami, FL"
Client Finance Analyst I,Precision Medicine Group,"Bethesda, MD"
Training Support Specialist,VectorCSP,"Ogden, UT"
System Security Architect,Delmock Technologies Inc. ,United States
Lead Accountant - West Omaha - $90 - $110k+,Hemphill - Search • Consulting • Staffing,"Omaha, NE"
Pricing CoE Program Manager,Zoom,United States
Junk Removal Crew Chief,Vensure Employer Solutions,"Butler, WI"
BILH Nurse Admissions Facilitator,Beth Israel Lahey Health,"Boston, MA"
Sales Executive - Learning - MO,HireMoxie,"Heartland, TX"
Teller - Bilingual,Arvest Bank,"Tulsa, OK"
Relationship Banker 4,Arvest Bank,"Edmond, OK"
Desktop Support Technician,Yours Resources LLC,"Sicklerville, NJ"
Tellabs Certified Network Engineer,Rexus Group,United States
phlebotomist,Beth Israel Lahey Health,"Lexington, MA"
RN- Clinical Decision Unit (36/D/E),Beth Israel Lahey Health,"Plymouth, MA"
Summer Temporary - Certified Nursing Assistant (CNA) - 3 South (36/E/N),Beth Israel Lahey Health,"Plymouth, MA"
Environmental Sevices Aide AM,Beth Israel Lahey Health,"Boston, MA"
ED Tech (Per Diem),Beth Israel Lahey Health,"Winchester, MA"
Grant Accountant,Robert Half,"Richmond County, GA"
Lecturer of Computing Sciences,Coastal Carolina University,"Conway, SC"
Sales Director - Network Services,Amdocs,Atlanta Metropolitan Area
Robotics Engineer,eTeam,"Cupertino, CA"
Certified Nursing Assistant (CNA) - Full-Time All Shifts,"North Shore Healthcare, LLC","Mineral Point, WI"
Housekeeping Assistant - Part-Time 1st Shift,"North Shore Healthcare, LLC","Wisconsin Rapids, WI"
Licensed Practical Nurse - Full-Time All Shifts,"North Shore Healthcare, LLC","Sturgeon Bay, WI"
Sales Consultant,Now Optics,"Stafford, TX"
Pixel Camera Support Developer,Tekshapers,"San Diego, CA"
Automotive Electrical Assembler - 2nd shift ($22.59+/hr.),Pierce Manufacturing,"Appleton, WI"
Pump Mechanic/Assembler - 1st shift ($19.91+/hr.),Pierce Manufacturing,"Appleton, WI"
Financial Analyst - IT,WVU Medicine,"Harrisburg, PA"
Senior Accountant,Atlas Search,"New York, NY"
Energy Efficiency Outreach Professional,DNV,"Detroit, MI"
Gas Pipeline Engineer,DNV,"Houston, TX"
Electrical Engineer Offshore Wind,DNV,"Medford, MA"
Project Lead Energy Innovation - Michigan,DNV,"Detroit, MI"
"Senior Power Systems  Engineer, Generation Interconnection",DNV,"Oakland, CA"
Process Engineer,DNV,"Houston, TX"
Elementary School Teacher,Brilla Public Charter Schools,New York City Metropolitan Area
Data Engineer,Titan America,"Roanoke, VA"
"Staff Accountant - Excellent Career Growth - West Omaha, NE",Hemphill - Search • Consulting • Staffing,"Omaha, NE"
Office Assistant -NYU Langone Ambulatory Care Garden City - Cardio,NYU Langone Health,"Garden City, NY"
Medical Assistant - NYU Langone Medical Associates - Carle Place,NYU Langone Health,"Carle Place, NY"
Project Control Specialist,BrandSafway,"Longview, TX"
Histology Technician/Histology Technologist,Beth Israel Lahey Health,"Plymouth, MA"
Teller,Arvest Bank,"Harrison, AR"
Field Service Technician (Access Controls & Security),In-Telecom,"Slidell, LA"
"Program Director, Danvers Treatment Center",Beth Israel Lahey Health,"Danvers, MA"
REGISTERED NURSE-Medical/Surgical Post Op/Telemetry-Per Diem,Beth Israel Lahey Health,"Boston, MA"
Medical Lab Scientist II / Chemistry Lab/Full time Evenings,Beth Israel Lahey Health,"Boston, MA"
Cytogenetic Technologist,Beth Israel Lahey Health,"Boston, MA"
Medical Lab Scientist II / Chemistry Lab/Full Time Nights,Beth Israel Lahey Health,"Boston, MA"
Surgical Tech II - Internal Temporary Traveler,Beth Israel Lahey Health,"Boston, MA"
Nurse Residency/ Hem/Onc/ BMT/ 36hrs,Beth Israel Lahey Health,"Boston, MA"
